"=""1o. Agrupamento""";"=""2o. Agrupamento""";"=""3o. Agrupamento""";"=""Recurso#Unid. Medida""";"=""Saldo""";"=""Custo#Total""";"=""Custo#Médio"""
"=""Almox Central""";"=""60 Conjuntos ACESSORIOS""";"=""032048 - CORRENTE COMPLEMENTAR SIMPLES CARROC (Un)""";"=""Un""";"2";"35,0433972258065";"17,5216986129032"
"=""Almox Central""";"=""ME Caixa de Papelão""";"=""497836 - CX.PAP.OND.DUP.25X20X16cm.. (Un)""";"=""Un""";"3080";"7519,68176163074";"2,44145511741258"
"=""Almox Central""";"=""ME Caixa de Papelão""";"=""497940 - CX.PAP.OND.DUP.42X20X16cm.. (Un)""";"=""Un""";"1340";"4464,5662776336";"3,33176587883104"
"=""Almox Central""";"=""ME Diversos""";"=""400025 - MAD. BARROTE P/EMBALAGEM 0.05 X0.05 X 3.0M (Un)""";"=""Un""";"375";"5274,318908";"14,0648504213333"
"=""Almox Central""";"=""ME Diversos""";"=""497851 - MAD. P/ EMB. PINOS 3,0 x 0,10 x 0,023m. (Un)""";"=""Un""";"1132";"12327,48";"10,89"
"=""Almox Central""";"=""ME Diversos""";"=""497875 - FRASCO 500ML C/ TAMPA DE LACRE (Un)""";"=""Un""";"400";"308,548339";"0,7713708475"
"=""Almox Central""";"=""ME Fitas e Selos""";"=""313209 - FITA CREPE 48x50 P/PINTURA (Un)""";"=""Un""";"59";"730,475055";"12,3809331355932"
"=""Almox Central""";"=""ME Fitas e Selos""";"=""497820 - MANTA FILMA POLIET. 2mm. X 1,20 MT. (M2)""";"=""M2""";"7200";"12114,8872276071";"1,68262322605655"
"=""Almox Central""";"=""ME Fitas e Selos""";"=""497822 - TUBO EPE DIAM. 30 X 3MM X 1,6M CÓD.T30.3.1,6D30 (Un)""";"=""Un""";"4520";"2301,385912433";"0,509156175317034"
"=""Almox Central""";"=""ME Fitas e Selos""";"=""497848 - FITA PLAST. P/EMB. LARG. 10mm. (Un)""";"=""Un""";"1";"107,154834";"107,154834"
"=""Almox Central""";"=""ME Fitas e Selos""";"=""497872 - FITA ADESIVA USO GERAL 3M C/ 100 MTS (Un)""";"=""Un""";"118";"514,48";"4,36"
"=""Almox Central""";"=""ME Fitas e Selos""";"=""497874 - FITILHO (Un)""";"=""Un""";"11";"92,62";"8,42"
"=""Almox Central""";"=""ME Fitas e Selos""";"=""497885 - FITA MET.P/EMB. - 1mm X 1'' (KG)""";"=""KG""";"2129,6205";"20778,9598122205";"9,75711860973375"
"=""Almox Central""";"=""ME Fitas e Selos""";"=""497897 - SELO DE AÇO POLIDO TR 25X60X0,90 (KG)""";"=""KG""";"125";"1283,31720293915";"10,2665376235132"
"=""Almox Central""";"=""ME Fitas e Selos""";"=""497990 - FIVELA P/ FITA PLASTICA AB 12X28 (Un)""";"=""Un""";"1000";"99,17336";"0,09917336"
"=""Almox Central""";"=""ME Sacos Plasticos""";"=""497952 - SACO PLASTICO 40 X 60 X 0.10 (Un)""";"=""Un""";"1500";"745,5256251";"0,4970170834"
"=""Almox Central""";"=""ME Sacos Plasticos""";"=""497968 - SACO PLASTICO P/ DES. 34X24X0,20 (Un)""";"=""Un""";"3750";"1181,25";"0,315"
"=""Almox Central""";"=""MFA Brocas Conicas de Aço Rápido""";"=""641635 - BROCA CONICA 23,0mm DIN 345 (Un)""";"=""Un""";"1";"173,31";"173,31"
"=""Almox Central""";"=""MFA Brocas Conicas de Aço Rápido""";"=""641698 - BROCA CONICA 29/64     DIN 345 (Un)""";"=""Un""";"3";"224,7";"74,9"
"=""Almox Central""";"=""MFA Brocas Conicas de Aço Rápido""";"=""641716 - BROCA CONICA  1/2      DIN 345 (Un)""";"=""Un""";"2";"153,08";"76,54"
"=""Almox Central""";"=""MFA Brocas Conicas de Aço Rápido""";"=""641728 - BROCA CONICA 13/32     DIN 345 (Un)""";"=""Un""";"2";"216,16";"108,08"
"=""Almox Central""";"=""MFA Brocas Conicas de Aço Rápido""";"=""641730 - BROCA CONICA 17/32     DIN 345 (Un)""";"=""Un""";"2";"205,636111";"102,8180555"
"=""Almox Central""";"=""MFA Brocas Conicas de Aço Rápido""";"=""641735 - BROCA CONICA 17/64     DIN 345 (Un)""";"=""Un""";"2";"184,4136";"92,2068"
"=""Almox Central""";"=""MFA Brocas Conicas de Aço Rápido""";"=""641740 - BROCA CONICA 11/16     DIN 345 (Un)""";"=""Un""";"2";"412,87";"206,435"
"=""Almox Central""";"=""MFA Brocas Conicas de Aço Rápido""";"=""641753 - BROCA CONICA 25/64     DIN 345 (Un)""";"=""Un""";"1";"60,45";"60,45"
"=""Almox Central""";"=""MFA Brocas Conicas de Aço Rápido""";"=""641777 - BROCA CONICA 25/32     DIN 345 (Un)""";"=""Un""";"2";"275,13";"137,565"
"=""Almox Central""";"=""MFA Brocas Conicas de Aço Rápido""";"=""641790 - BROCA CONICA  5/16     DIN 345 (Un)""";"=""Un""";"1";"87,096628";"87,096628"
"=""Almox Central""";"=""MFA Brocas Conicas de Aço Rápido""";"=""641807 - BROCA CONICA 1            DIN 345 (Un)""";"=""Un""";"1";"255,47";"255,47"
"=""Almox Central""";"=""MFA Brocas Conicas de Aço Rápido""";"=""641819 - BROCA CONICA 21/64     DIN 345 (Un)""";"=""Un""";"1";"70,547501";"70,547501"
"=""Almox Central""";"=""MFA Brocas Conicas de Aço Rápido""";"=""641832 - BROCA CONICA  3/8      DIN 345 (Un)""";"=""Un""";"1";"68,57";"68,57"
"=""Almox Central""";"=""MFA Brocas Conicas de Aço Rápido""";"=""641868 - BROCA CONICA 15/32     DIN 345 (Un)""";"=""Un""";"1";"73,62";"73,62"
"=""Almox Central""";"=""MFA Brocas Conicas de Aço Rápido""";"=""641870 - BROCA CONICA 33/64     DIN 345 (Un)""";"=""Un""";"1";"112,748";"112,748"
"=""Almox Central""";"=""MFA Brocas Conicas de Aço Rápido""";"=""641875 - BROCA CONICA 9,0mm.   DIN 345 (Un)""";"=""Un""";"2";"129,6";"64,8"
"=""Almox Central""";"=""MFA Brocas Conicas de Aço Rápido""";"=""641881 - BROCA CONICA  9/16     DIN 345 (Un)""";"=""Un""";"1";"110,043334";"110,043334"
"=""Almox Central""";"=""MFA Brocas Conicas de Aço Rápido""";"=""641893 - BROCA CONICA 27/64     DIN 345 (Un)""";"=""Un""";"2";"111,66";"55,83"
"=""Almox Central""";"=""MFA Brocas Conicas de Aço Rápido""";"=""641911 - BROCA CONICA  5/8       DIN 345 (Un)""";"=""Un""";"1";"108,885";"108,885"
"=""Almox Central""";"=""MFA Brocas Conicas de Aço Rápido""";"=""641930 - BROCA CONICA 55/64     DIN 345 (Un)""";"=""Un""";"1";"177,62";"177,62"
"=""Almox Central""";"=""MFA Brocas Conicas de Aço Rápido""";"=""641935 - BROCA CONICA 21/32     DIN 345 (Un)""";"=""Un""";"5";"720,6";"144,12"
"=""Almox Central""";"=""MFA Brocas Conicas de Aço Rápido""";"=""641947 - BROCA CONICA 8,5MM   DIN 345 (Un)""";"=""Un""";"2";"151,490079714286";"75,7450398571429"
"=""Almox Central""";"=""MFA Brocas Conicas de Aço Rápido""";"=""641960 - BROCA CONICA 1.1/16   DIN 345 (Un)""";"=""Un""";"1";"258,77";"258,77"
"=""Almox Central""";"=""MFA Brocas Conicas de Aço Rápido""";"=""641972 - BROCA CONICA  3/4      DIN 345 (Un)""";"=""Un""";"2";"306,03";"153,015"
"=""Almox Central""";"=""MFA Brocas Conicas de Aço Rápido""";"=""641996 - BROCA CONICA 39/64     DIN 345 (Un)""";"=""Un""";"7";"292,894";"41,842"
"=""Almox Central""";"=""MFA Brocas Conicas de Aço Rápido""";"=""643294 - BROCA CONICA  1/4      DIN 345 (Un)""";"=""Un""";"2";"147,872047";"73,9360235"
"=""Almox Central""";"=""MFA Brocas de Topo de Aço Rápido""";"=""643452 - BROCA TOPO 5/16     4 NAVALHAS (Un)""";"=""Un""";"5";"368,016667";"73,6033334"
"=""Almox Central""";"=""MFA Brocas de Topo de Aço Rápido""";"=""643506 - BROCA TOPO 1/4      4 NAVALHAS (Un)""";"=""Un""";"3";"99,51";"33,17"
"=""Almox Central""";"=""MFA Brocas Diversas""";"=""643105 - BROCA DE CENTRO 3/16X7/16 (Un)""";"=""Un""";"11";"616,2667964939";"56,0242542267182"
"=""Almox Central""";"=""MFA Brocas Paralelas de Aço Rápido""";"=""641303 - BROCA AR  1/8  HAST.CIL.DIN338 (Un)""";"=""Un""";"12";"51,104347";"4,25869558333333"
"=""Almox Central""";"=""MFA Brocas Paralelas de Aço Rápido""";"=""641305 - BROCA AR  1/8  HAST.CIL.DIN338 LONGA (Un)""";"=""Un""";"8";"156,959892";"19,6199865"
"=""Almox Central""";"=""MFA Brocas Paralelas de Aço Rápido""";"=""641310 - BROCA AR 7/32  LONGA  DIN340 (Un)""";"=""Un""";"1";"46,9999997596";"46,9999997596"
"=""Almox Central""";"=""MFA Brocas Paralelas de Aço Rápido""";"=""641340 - BROCA AR 11/32 HAST.CIL.DIN338 (Un)""";"=""Un""";"13";"191,745267";"14,7496359230769"
"=""Almox Central""";"=""MFA Brocas Paralelas de Aço Rápido""";"=""641364 - BROCA AR 11/64 HAST.CIL.DIN338 (Un)""";"=""Un""";"6";"44,016197";"7,33603283333333"
"=""Almox Central""";"=""MFA Brocas Paralelas de Aço Rápido""";"=""641388 - BROCA AR  7/16 LONGA    DIN340 (Un)""";"=""Un""";"6";"515,832099";"85,9720165"
"=""Almox Central""";"=""MFA Brocas Paralelas de Aço Rápido""";"=""641390 - BROCA AR 11/32 LONGA    DIN340 (Un)""";"=""Un""";"10";"683,075545";"68,3075545"
"=""Almox Central""";"=""MFA Brocas Paralelas de Aço Rápido""";"=""641406 - BROCA AR 13/64 HAST.CIL.DIN338 (Un)""";"=""Un""";"9";"79,324999";"8,81388877777778"
"=""Almox Central""";"=""MFA Brocas Paralelas de Aço Rápido""";"=""641443 - BROCA AR 17/32 HAST.CIL.DIN338 (Un)""";"=""Un""";"4";"263,784";"65,946"
"=""Almox Central""";"=""MFA Brocas Paralelas de Aço Rápido""";"=""641509 - BROCA AR  3/16 HAST.CIL.DIN338 (Un)""";"=""Un""";"7";"56,608305";"8,08690071428572"
"=""Almox Central""";"=""MFA Brocas Paralelas de Aço Rápido""";"=""641560 - BROCA AR  3/8  HAST.CIL.DIN338 (Un)""";"=""Un""";"3";"60,0833110000001";"20,0277703333334"
"=""Almox Central""";"=""MFA Brocas Paralelas de Aço Rápido""";"=""641561 - BROCA AR  3/8 LONGA HAST.CIL.DIN338 (Un)""";"=""Un""";"5";"306,700335";"61,340067"
"=""Almox Central""";"=""MFA Brocas Paralelas de Aço Rápido""";"=""641583 - BROCA AR  5/16 HAST.CIL.DIN338 (Un)""";"=""Un""";"3";"38,9925";"12,9975"
"=""Almox Central""";"=""MFA Brocas Paralelas de Aço Rápido""";"=""641649 - BROCA AR  7/16 HAST.CIL.DIN338 (Un)""";"=""Un""";"11";"401,9675";"36,5425"
"=""Almox Central""";"=""MFA Brocas Paralelas de Aço Rápido""";"=""641662 - BROCA AR  7/32 HAST.CIL.DIN338 (Un)""";"=""Un""";"13";"306,3125";"23,5625"
"=""Almox Central""";"=""MFA Brocas Paralelas de Aço Rápido""";"=""641674 - BROCA AR 13/32 HAST.CIL.DIN338 (Un)""";"=""Un""";"4";"68,034317";"17,00857925"
"=""Almox Central""";"=""MFA Brocas Paralelas de Aço Rápido""";"=""641704 - BROCA AR  9/32 HAST.CIL.DIN338 (Un)""";"=""Un""";"7";"83,837468";"11,9767811428571"
"=""Almox Central""";"=""MFA Brocas Paralelas de Aço Rápido""";"=""641741 - BROCA AR  9/64 HAST.CIL.DIN338 (Un)""";"=""Un""";"3";"8,740646";"2,91354866666667"
"=""Almox Central""";"=""MFA Brocas Paralelas de Aço Rápido""";"=""641765 - BROCA AR  1/4  HAST.CIL.DIN338 (Un)""";"=""Un""";"6";"76,7999999631";"12,79999999385"
"=""Almox Central""";"=""MFA Brocas Paralelas de Aço Rápido""";"=""641766 - BROCA AR  9.0MM HAST.CIL.DIN338 (Un)""";"=""Un""";"6";"47,175";"7,8625"
"=""Almox Central""";"=""MFA Ferram Manuais p Uso da Operação""";"=""600158 - LIMA ROTATIVA TOPO ESFER/CILIN 10MM (Un)""";"=""Un""";"12";"1493,535053";"124,461254416667"
"=""Almox Central""";"=""MFA Ferram Manuais p Uso da Operação""";"=""600517 - ESCARIADOR RETO Ø20 P/ BROCA 8.8MM (11/32"""") REF. BA0000000 (Un)""";"=""Un""";"2";"287,234094";"143,617047"
"=""Almox Central""";"=""MFA Ferram Manuais p Uso Geral""";"=""633975 - CADEADO 35MM (Un)""";"=""Un""";"8";"220";"27,5"
"=""Almox Central""";"=""MFA Ferram Manuais p Uso Geral""";"=""649351 - ESC. DE ACO 1777 P/SOLDADOR (Un)""";"=""Un""";"2";"7,558703";"3,7793515"
"=""Almox Central""";"=""MFA Ferram Manuais p Uso Manutenção""";"=""600360 - BROCA ESCALONADA M8 - K6223-8 (Un)""";"=""Un""";"3";"813";"271"
"=""Almox Central""";"=""MFA Ferram Operac Machos""";"=""645008 - MACHO OSG 5/16 UNF 100B DIN351 (Un)""";"=""Un""";"3";"165,613942";"55,2046473333333"
"=""Almox Central""";"=""MFA Ferram Operac Machos""";"=""645009 - MACHO 3/8 NPT   E-710 (Un)""";"=""Un""";"1";"92,23";"92,23"
"=""Almox Central""";"=""MFA Ferram Operac Machos""";"=""645012 - MACHO MÁQ HEL. 1/4 UNF DIN2182-281/2 (Un)""";"=""Un""";"14";"984,930798";"70,3521998571428"
"=""Almox Central""";"=""MFA Ferram Operac Machos""";"=""645016 - MACHO 5/8 UNF DIN2183-286/2 OX (Un)""";"=""Un""";"2";"267,78";"133,89"
"=""Almox Central""";"=""MFA Ferram Operac Machos""";"=""645020 - MACHO SHT 5/8"""" - 11 UNC 2B+0,2 HSS (Un)""";"=""Un""";"1";"182,42";"182,42"
"=""Almox Central""";"=""MFA Ferram Operac Machos""";"=""645057 - MACHO 3/8 UNF DIN2182-281/2 OX (Un)""";"=""Un""";"1";"59,345";"59,345"
"=""Almox Central""";"=""MFA Ferram Operac Machos""";"=""645060 - MACHO 7/16 NF DIN2183-286/2 OX (Un)""";"=""Un""";"2";"147,09336";"73,54668"
"=""Almox Central""";"=""MFA Ferram Operac Machos""";"=""645072 - MACHO 1/2 UNF DIN2183-286/2 OX (Un)""";"=""Un""";"1";"77,545";"77,545"
"=""Almox Central""";"=""MFA Ferram Operac Machos""";"=""645078 - MACHO 1/2 UNC 2183-285/1 P HELIC (Un)""";"=""Un""";"1";"81,825";"81,825"
"=""Almox Central""";"=""MFA Ferram Operac Machos""";"=""645102 - MACHO OSG 1/4 UNF 100B DIN351 (Un)""";"=""Un""";"4";"424";"106"
"=""Almox Central""";"=""MFA Ferram Operac Machos""";"=""645126 - MACHO 1/4""""  BSP (Un)""";"=""Un""";"2";"169,4";"84,7"
"=""Almox Central""";"=""MFA Ferram Operac Machos""";"=""645175 - MACHO 1/2 UNC DIN-2183-285/2 OX (Un)""";"=""Un""";"2";"221,648054";"110,824027"
"=""Almox Central""";"=""MFA Ferram Operac Machos""";"=""645260 - MACHO MÁQ 3/4 UNC DIN2182-280/2 (Un)""";"=""Un""";"2";"384,106917";"192,0534585"
"=""Almox Central""";"=""MFA Ferram Operac Machos""";"=""645282 - MACHO 5/8 UNF 100-B DIN-341 (Un)""";"=""Un""";"1";"142,2";"142,2"
"=""Almox Central""";"=""MFA Ferram Operac Machos""";"=""645302 - MACHO 1/2 UNF 100-B DIN-341 (Un)""";"=""Un""";"1";"80,95";"80,95"
"=""Almox Central""";"=""MFA Ferram Operac Machos""";"=""645309 - MACHO OSG 3/8 UNF 100B DIN351 (Un)""";"=""Un""";"2";"124,652";"62,326"
"=""Almox Central""";"=""MFA Ferram Operac Machos""";"=""645369 - MACHO OSG 1/4 UNC 100C DIN351 (Un)""";"=""Un""";"2";"187,903549";"93,9517745"
"=""Almox Central""";"=""MFA Ferram Operac Machos""";"=""645450 - MACHO OSG 5/8 UNC 100A DIN351 (Un)""";"=""Un""";"1";"203,54";"203,54"
"=""Almox Central""";"=""MFA Ferram Operac Machos""";"=""645461 - MACHO  1/8 NPT OSG - ANSI-108A (Un)""";"=""Un""";"4";"256,879777";"64,21994425"
"=""Almox Central""";"=""MFA Ferram Operac Machos""";"=""645724 - MACHO 1/8 UNC JOGO (Un)""";"=""Un""";"4";"317,3";"79,325"
"=""Almox Central""";"=""MFA Ferram Operac Machos""";"=""645758 - MACHO 1/2  BSP GG-MS - RETO (Un)""";"=""Un""";"1";"163,44";"163,44"
"=""Almox Central""";"=""MFA Ferram Operac Machos""";"=""645760 - MACHO 1/2 UNC DIN2183-285/3 GG-MS (Un)""";"=""Un""";"2";"175,690643";"87,8453215"
"=""Almox Central""";"=""MFA Insertos Normais""";"=""643427 - INSERTO PASTILHA ROSCA EXT RT16.01W-60P YBG201 (Un)""";"=""Un""";"10";"550";"55"
"=""Almox Central""";"=""MFA Insertos Normais""";"=""643428 - INSERTO PASTILHA ROSCA INT LT22.01W-60P YBG201 (Un)""";"=""Un""";"50";"3616,5";"72,33"
"=""Almox Central""";"=""MFA Insertos Normais""";"=""643429 - INSERTO PASTILHA TCMT 090204 (Un)""";"=""Un""";"10";"400";"40"
"=""Almox Central""";"=""MFA Insertos Normais""";"=""648369 - INS NA6L3 (Un)""";"=""Un""";"5";"320";"64"
"=""Almox Central""";"=""MFA Insertos Normais""";"=""648373 - INS SDMT 09.03.08 KC725M (Un)""";"=""Un""";"10";"350,9";"35,09"
"=""Almox Central""";"=""MFA Insertos Normais""";"=""648374 - INS SPMT 12.04.08 D-51 WSM 25 (Un)""";"=""Un""";"25";"1048,25";"41,93"
"=""Almox Central""";"=""MFA Insertos Normais""";"=""648375 - INS SNGX 13.06.08 - M TT 9080 (Un)""";"=""Un""";"10";"602,16";"60,216"
"=""Almox Central""";"=""MFA Insertos Normais""";"=""648384 - INS SPMG 07T308 ZVRW1328 (Un)""";"=""Un""";"10";"453,75";"45,375"
"=""Almox Central""";"=""MFA Insertos Normais""";"=""648607 - INS CNMA 12.04.04 IC 428 (Un)""";"=""Un""";"7";"149,24";"21,32"
"=""Almox Central""";"=""MFA Insertos Normais""";"=""648671 - INS SNMG 12.04.08 TF - IC 9250 (Un)""";"=""Un""";"10";"353,6";"35,36"
"=""Almox Central""";"=""MFA Insertos Normais""";"=""648713 - INS GIPI 2.50-0.20 (Un)""";"=""Un""";"10";"700";"70"
"=""Almox Central""";"=""MFA Insertos Normais""";"=""649035 - INS 22 E R M  - N 60 - IC 250 (Un)""";"=""Un""";"15";"2500,5";"166,7"
"=""Almox Central""";"=""MFA Insertos Normais""";"=""649042 - INS 16 IRM AG 60 VP 15 MIT (Un)""";"=""Un""";"5";"353,08";"70,616"
"=""Almox Central""";"=""MFA Insertos Normais""";"=""649044 - INS INT 16 IR 6 STACME TT7010 (Un)""";"=""Un""";"5";"409,585";"81,917"
"=""Almox Central""";"=""MFA Insertos Normais""";"=""649655 - INSERTO MGMN 400 RWM215 (Un)""";"=""Un""";"20";"1300";"65"
"=""Almox Central""";"=""MFA Insertos Normais""";"=""649971 - INS VBMT 16.04.08 - MT TT 3500 (Un)""";"=""Un""";"10";"286,2";"28,62"
"=""Almox Central""";"=""MFA Insertos Normais""";"=""650043 - INS TPMR 16.03.08  - TT 3500 (Un)""";"=""Un""";"9";"288";"32"
"=""Almox Central""";"=""MFA Insertos Normais""";"=""650081 - INS TNMG 16.04.08 RF IC 9250 (Un)""";"=""Un""";"6";"231,2";"38,5333333333333"
"=""Almox Central""";"=""MFA Insertos Normais""";"=""650161 - INS DNMG 15.06.08 MT TT8125 (Un)""";"=""Un""";"10";"431,6";"43,16"
"=""Almox Central""";"=""MFA Insertos Normais""";"=""650303 - INS TDT 1.30- TT7220 (Un)""";"=""Un""";"10";"627,26";"62,726"
"=""Almox Central""";"=""MFA Insertos Normais""";"=""650311 - INS TDC 4 - 4L TT7220 (Un)""";"=""Un""";"10";"764,4";"76,44"
"=""Almox Central""";"=""MFA Insertos Normais""";"=""650505 - INS XCMT 08.03.04 MF IC908 (Un)""";"=""Un""";"10";"414,426667";"41,4426667"
"=""Almox Central""";"=""MFA Laminas de Serra Comuns""";"=""646301 - LAMINA DE SERRA 1/2  X 12 (Un)""";"=""Un""";"17";"192,765828";"11,3391663529412"
"=""Almox Central""";"=""MFA Laminas de Serra Comuns""";"=""646404 - LAMINA DE SERRA 1    X 12 (Un)""";"=""Un""";"5";"598,076923";"119,6153846"
"=""Almox Central""";"=""MFA Laminas de Serra p Maq Automatica""";"=""647433 - SERRA EM FITA PB - 1""""   4-6 VPR (Un)""";"=""Un""";"30";"4770,840913";"159,028030433333"
"=""Almox Central""";"=""MFA Laminas de Serra p Maq Automatica""";"=""647471 - SERRA EM FITA PB II - 27-  3-4  C/ 3,66M (Un)""";"=""Un""";"35";"5586,992656";"159,6283616"
"=""Almox Central""";"=""MFA Lixas p Ferro""";"=""649259 - DISCO DE LIXA G-36  7"""" (Un)""";"=""Un""";"120";"633,6";"5,28"
"=""Almox Central""";"=""MFA Lixas p Ferro""";"=""649727 - LIXA DE PANO P/ FERRO G-100 (Un)""";"=""Un""";"119";"315,35";"2,65"
"=""Almox Central""";"=""MFA Lixas p Ferro""";"=""649740 - LIXA DE PANO P/ FERRO G-60 (Un)""";"=""Un""";"11";"29,766";"2,706"
"=""Almox Central""";"=""MFA Lixas p Ferro""";"=""649764 - LIXA DE PANO P/ FERRO G-220 (Un)""";"=""Un""";"100";"245";"2,45"
"=""Almox Central""";"=""MFA Lixas p Ferro""";"=""649855 - LIXA D'AGUA G-220 (Un)""";"=""Un""";"50";"89";"1,78"
"=""Almox Central""";"=""MFA Lixas p Ferro""";"=""649860 - LIXA D'AGUA G-400 (Un)""";"=""Un""";"271";"353,845436";"1,30570271586716"
"=""Almox Central""";"=""MFA Lixas p Ferro""";"=""649870 - LIXA D'AGUA G-80 (Un)""";"=""Un""";"100";"189";"1,89"
"=""Almox Central""";"=""MFA Lixas p Ferro""";"=""649910 - DISCO DE LIXA  4.1/2"""" G-36 (Un)""";"=""Un""";"200";"660,333333";"3,301666665"
"=""Almox Central""";"=""MFA Lixas p Ferro""";"=""649911 - DISCO DE LIXA HOOKIT G-80 (Un)""";"=""Un""";"1100";"4279";"3,89"
"=""Almox Central""";"=""MFA Lixas p Ferro""";"=""649913 - DISCO DE LIXA HOOKIT  G-220 (Un)""";"=""Un""";"400";"1550,77683";"3,876942075"
"=""Almox Central""";"=""MFA Lixas p Ferro""";"=""649914 - DISCO DE LIXA 7""""  G-120 (Un)""";"=""Un""";"269";"1479,5";"5,5"
"=""Almox Central""";"=""MFA Lixas p Ferro""";"=""649916 - DISCO DE LIXA 7""""  G-60 (Un)""";"=""Un""";"200";"1100";"5,5"
"=""Almox Central""";"=""MFA Rebolos e Esmeril de Desbaste""";"=""600352 - DISCO DE DESBASTE 4.1/2"""" (Un)""";"=""Un""";"210";"1126,834748";"5,36587975238095"
"=""Almox Central""";"=""MFA Rebolos e Esmeril de Desbaste""";"=""649272 - DISCO DE DESBASTE 1/4 x 7 x 7/8"""" (Un)""";"=""Un""";"41";"512,208418";"12,4928882439024"
"=""Almox Central""";"=""MFA Rebolos e Esmeril de Desbaste""";"=""649280 - DISCO FLAP 4"""" G-60 (Un)""";"=""Un""";"90";"500,278995";"5,5586555"
"=""Almox Central""";"=""MFA Rebolos e Esmeril de Desbaste""";"=""649304 - DISCO P/ POLICORTE 1/8 X 7"""" (Un)""";"=""Un""";"40";"222,377142";"5,55942855"
"=""Almox Central""";"=""MFA Rebolos e Esmeril de Desbaste""";"=""649305 - DISCO P/ POLICORTE 1MM X 4.1/2"""" P/ INOX (Un)""";"=""Un""";"588";"914,247836";"1,5548432585034"
"=""Almox Central""";"=""MFA Rebolos e Esmeril Diversos""";"=""649302 - DISCO P/ POLICORTE 1/8 X 10"""" (Un)""";"=""Un""";"9";"125,672728";"13,9636364444444"
"=""Almox Central""";"=""MGC OLP""";"=""801033 - GLP EM BUTIJÃO DE 45 KG. (Un)""";"=""Un""";"2";"1241,9";"620,95"
"=""Almox Central""";"=""MGC OLP""";"=""801124 - GLP EM BUTIJÃO DE 20 KG. (Un)""";"=""Un""";"7";"1823,5";"260,5"
"=""Almox Central""";"=""MGC p Solda""";"=""801010 - OXIGENIO GASOSO (M3)""";"=""M3""";"185";"3029,77435057143";"16,3771586517375"
"=""Almox Central""";"=""MGC p Solda""";"=""801083 - MISTURA STARGOLD FLEX (M3)""";"=""M3""";"11";"300,78";"27,3436363636364"
"=""Almox Central""";"=""MGC p Solda""";"=""801084 - DIOXIDO DE CARBONO 2.2 NA (25KG) (KG)""";"=""KG""";"825";"11642,849145";"14,1125444181818"
"=""Almox Central""";"=""MGC p Solda""";"=""801112 - ARGONIO LIQUIDO (M3)""";"=""M3""";"1463,37";"33122,371424741";"22,6343108200531"
"=""Almox Central""";"=""MM Elétrica Diversos""";"=""533572 - PILHA ALCALINA AA (Un)""";"=""Un""";"6";"29,653245";"4,9422075"
"=""Almox Central""";"=""MM Elétrica Diversos""";"=""533701 - FITA TEFLON 3/4 x 50 Mts (Un)""";"=""Un""";"10";"30";"3"
"=""Almox Central""";"=""MM Elétrica Diversos""";"=""533786 - FITA ISOLANTE 19MM X 20M PRET (Un)""";"=""Un""";"11";"136,037895";"12,3670813636364"
"=""Almox Central""";"=""MM Elétrica Diversos""";"=""534299 - PILHA ALCALINA AAA PALITO (Un)""";"=""Un""";"20";"74";"3,7"
"=""Almox Central""";"=""MM Mecânica Diversos""";"=""504407 - FITA ADESIVA DUPLA FACE 3M 12mm x 20m (Un)""";"=""Un""";"3";"135";"45"
"=""Almox Central""";"=""MM Mecânica Diversos""";"=""504620 - SPRAY TINTA (Un)""";"=""Un""";"98";"1670,482266";"17,0457374081633"
"=""Almox Central""";"=""MM Mecânica Diversos""";"=""504749 - AGUA DEIONIZADA/AUTOCLAVE (L)""";"=""L""";"370";"723,306246";"1,95488174594595"
"=""Almox Central""";"=""MM Mecânica Diversos""";"=""507124 - OLEO DESENGRIPANTE SPRAY (M1/ WD-40) 500ML (Un)""";"=""Un""";"13";"479,901354";"36,9154887692308"
"=""Almox Central""";"=""MM Mecânica Diversos""";"=""509001 - BROCA DE WIDIA 9/16"""" 14MM (Un)""";"=""Un""";"1";"1447,5";"1447,5"
"=""Almox Central""";"=""MM Mecânica Diversos""";"=""509526 - OLEO P/ TRATOR AMBRA MULTI 10W30 (L)""";"=""L""";"100";"2454,176009";"24,54176009"
"=""Almox Central""";"=""MP Aço Chato 1010 e 1020""";"=""126160 - AÇO CHATO LAM 1/2 X 2.1/2 SAE-1020 (KG)""";"=""KG""";"189,395";"1217,81128324112";"6,43000756747072"
"=""Almox Central""";"=""MP Aço Chato 1010 e 1020""";"=""126202 - AÇO CHATO LAM 1/2 X 3"""" SAE-1020 (KG)""";"=""KG""";"868,86";"6257,41715224387";"7,20187044200892"
"=""Almox Central""";"=""MP Aço Chato 1010 e 1020""";"=""126214 - AÇO CHATO LAM 1/2  X 3.1/2  1020 (KG)""";"=""KG""";"479,5044";"3439,0132877256";"7,17201612274174"
"=""Almox Central""";"=""MP Aço Chato 1010 e 1020""";"=""126226 - AÇO CHATO LAM 5/8 X 3"""" SAE-1020 (KG)""";"=""KG""";"1710,4554";"12304,0961330779";"7,19346212305678"
"=""Almox Central""";"=""MP Aço Chato 1010 e 1020""";"=""126329 - AÇO CHATO LAM 5/8 X 1.1/2 SAE-1020 (KG)""";"=""KG""";"277,874";"2264,33988567285";"8,14880084380995"
"=""Almox Central""";"=""MP Aço Chato 1010 e 1020""";"=""126457 - AÇO CHATO LAM 3/8 X 2 SAE-1020 (KG)""";"=""KG""";"342";"2461,04538767172";"7,19603914523893"
"=""Almox Central""";"=""MP Aço Chato 1010 e 1020""";"=""126706 - AÇO CHATO LAM 5/8 X 2.1/2 SAE-1020 (KG)""";"=""KG""";"1298,5617";"9347,13486610485";"7,19806757438237"
"=""Almox Central""";"=""MP Aço Chato 1010 e 1020""";"=""126755 - AÇO CHATO LAM 1"""" X 3"""" SAE-1020 (KG)""";"=""KG""";"1450,798";"9555,39025963495";"6,58629958108224"
"=""Almox Central""";"=""MP Aço Chato 1010 e 1020""";"=""126901 - AÇO CHATO LAM 3/4 X 3 SAE-1020 (KG)""";"=""KG""";"1192,93";"7694,52567275271";"6,45010660537727"
"=""Almox Central""";"=""MP Aço Chato 1045 e 1050""";"=""126615 - AÇO CHATO LAM 3/4 X 2"""" SAE-1020 (KG)""";"=""KG""";"956,341";"7491,2137544949";"7,83320359003211"
"=""Almox Central""";"=""MP Aço Chato Molas""";"=""126299 - AÇO CHATO LAM 5/16 X 2"""" SAE-5160 (KG)""";"=""KG""";"6484,72";"47076,0599376055";"7,25953625408737"
"=""Almox Central""";"=""MP Aço Redondo Laminados p Forjaria""";"=""110140 - ACO LAMINADO RED 4          1020 (KG)""";"=""KG""";"124,111";"1208,51212330711";"9,73734901263474"
"=""Almox Central""";"=""MP Aço Redondo Laminados p Forjaria""";"=""110565 - ACO LAMINADO RED 3.1/2    1045 (KG)""";"=""KG""";"1106,498";"14783,0216407889";"13,3601883065211"
"=""Almox Central""";"=""MP Aço Redondo Laminados p Usinagem""";"=""110012 - ACO LAMINADO RED 2.1/2    1045 (KG)""";"=""KG""";"5071,439";"35366,6691936189";"6,97369507818568"
"=""Almox Central""";"=""MP Aço Redondo Laminados p Usinagem""";"=""110048 - ACO LAMINADO RED 2.1/2    1020 (KG)""";"=""KG""";"100";"1331,2973467161";"13,312973467161"
"=""Almox Central""";"=""MP Aço Redondo Laminados p Usinagem""";"=""110322 - ACO LAMINADO RED 1.3/4    1020 (KG)""";"=""KG""";"370,088";"2671,81485462478";"7,21940418123467"
"=""Almox Central""";"=""MP Aço Redondo Laminados p Usinagem""";"=""110346 - ACO LAMINADO RED 2        1020 (KG)""";"=""KG""";"1398,238";"10037,1392842518";"7,1784197570455"
"=""Almox Central""";"=""MP Aço Redondo Laminados p Usinagem""";"=""110358 - ACO LAMINADO RED 2        1045 (KG)""";"=""KG""";"1054,172";"7275,35260055874";"6,90148533688879"
"=""Almox Central""";"=""MP Aço Redondo Laminados p Usinagem""";"=""110980 - ACO LAMINADO RED 1.3/4    1045 (KG)""";"=""KG""";"5494,751";"37160,4649980287";"6,76290244963397"
"=""Almox Central""";"=""MP Aço Redondo Trefilados""";"=""112150 - ACO TREF. RED. SAE-1045 - 1"""" (KG)""";"=""KG""";"371,6508";"3297,24311720838";"8,87188489089323"
"=""Almox Central""";"=""MP Aço Redondo Trefilados""";"=""112203 - ACO TREF. RED. SAE-1020 - 1/2"""" (KG)""";"=""KG""";"648,698";"5356,66957495688";"8,25757066455713"
"=""Almox Central""";"=""MP Aço Redondo Trefilados""";"=""112215 - ACO TREF. RED. SAE-1020 - 1"""" (KG)""";"=""KG""";"476,396";"4103,31658202463";"8,61324734469775"
"=""Almox Central""";"=""MP Aço Redondo Trefilados""";"=""112306 - ACO TREF. RED. SAE-1045 - 1.1/4"""" (KG)""";"=""KG""";"1163,6398";"9900,66165905139";"8,50835598700852"
"=""Almox Central""";"=""MP Aço Redondo Trefilados""";"=""112410 - ACO TREF. RED. SAE-1045 - 3/4"""" (KG)""";"=""KG""";"392,992";"3525,15090632575";"8,97003223049261"
"=""Almox Central""";"=""MP Aço Redondo Trefilados""";"=""112434 - ACO TREF. RED. SAE-1020 - 3/4"""" (KG)""";"=""KG""";"61,753";"531,976056075404";"8,61457833749621"
"=""Almox Central""";"=""MP Aço Redondo Trefilados""";"=""112458 - ACO TREF. RED. SAE-1020 - 3/8"""" (KG)""";"=""KG""";"482,129";"3986,70058470445";"8,26894997957902"
"=""Almox Central""";"=""MP Aço Redondo Trefilados""";"=""112501 - ACO TREF. RED. SAE-1020 - 5/16"""" (KG)""";"=""KG""";"235,22";"2795,3474481437";"11,8839701051939"
"=""Almox Central""";"=""MP Aço Redondo Trefilados""";"=""112502 - ACO TREF. RED. SAE-1020 - 2"""" (KG)""";"=""KG""";"1946,196";"16339,4988841119";"8,39560809091783"
"=""Almox Central""";"=""MP Aço Redondo Trefilados""";"=""112525 - ACO TREF. RED. SAE-1020 - 5/8"""" (KG)""";"=""KG""";"323,325";"2724,10566616571";"8,42528621716759"
"=""Almox Central""";"=""MP Aço Redondo Trefilados""";"=""113049 - ACO TREF. RED. SAE-1045 - 1.1/2"""" (KG)""";"=""KG""";"35,875";"230,403081915164";"6,42238555861086"
"=""Almox Central""";"=""MP Aço Redondo Trefilados""";"=""113050 - ACO TREF. RED. SAE-1020 - 1.1/2"""" (KG)""";"=""KG""";"91,8407";"707,726177410531";"7,70601898080623"
"=""Almox Central""";"=""MP Chapas Bobinas""";"=""120134 - BOBINA CHAPA LQ 2.00 X 1,20 A36/CIVIL300 (KG)""";"=""KG""";"3856,0087";"21823,0160404554";"5,659483092052"
"=""Almox Central""";"=""MP Chapas Bobinas""";"=""120136 - BOBINA CHAPA LQ 2.25 X 1,20 A36/CIVIL300 (KG)""";"=""KG""";"9167,0518";"50672,4681522994";"5,52767337393025"
"=""Almox Central""";"=""MP Chapas Bobinas""";"=""120201IMP - BOBINA CHAPA LQ 6.00 X 1200 SAE1010 (KG)""";"=""KG""";"93053,9305";"255545,42177977";"2,74620771424341"
"=""Almox Central""";"=""MP Chapas Bobinas""";"=""120203 - BOBINA CHAPA LQ 6.30 X 1,20 1008/1010 (KG)""";"=""KG""";"1221,383";"6793,43478432293";"5,56208395263642"
"=""Almox Central""";"=""MP Chapas Bobinas""";"=""120278 - BOBINA CHAPA LQ 3.75 X 1,20 A36/CIVIL300 (KG)""";"=""KG""";"209,3311";"1205,57105744049";"5,75915885141047"
"=""Almox Central""";"=""MP Chapas Bobinas""";"=""120305 - BOBINA CHAPA LQ 4.75 X 1,20 A36/CIVIL300 (KG)""";"=""KG""";"1778,3468";"9896,64873836656";"5,56508367117514"
"=""Almox Central""";"=""MP Chapas Bobinas""";"=""120545 - BOBINA CHAPA LQ 3.00 X 1500 A36/CIVIL300 (KG)""";"=""KG""";"4530,9982";"25999,7881553773";"5,73820315253652"
"=""Almox Central""";"=""MP Chapas Bobinas""";"=""120547 - BOBINA CHAPA LQ 2.65 X 1500 A36/CIVIL300 (KG)""";"=""KG""";"9405,8827";"52490,133839277";"5,58056436736948"
"=""Almox Central""";"=""MP Chapas Bobinas""";"=""120549 - BOBINA CHAPA LQ 2.65 X 1200 A36/CIVIL300 (KG)""";"=""KG""";"23845,878";"120572,135884091";"5,05630934973713"
"=""Almox Central""";"=""MP Chapas c Dim Esp SAE 1008 10 e 20""";"=""120110 - CHAPA A.DERR. 3,00mm. 1010 (KG)""";"=""KG""";"2364";"13357,0500235796";"5,65019036530442"
"=""Almox Central""";"=""MP Chapas c Dim Esp SAE 1008 10 e 20""";"=""120202 - CHAPA 1/4 (6.30 x 2440 x 6000) A36-CIVIL300 (KG)""";"=""KG""";"7215,72";"52853,9873375355";"7,324839009487"
"=""Almox Central""";"=""MP Chapas c Dim Esp SAE 1008 10 e 20""";"=""120205 - BOBINA CHAPA 3.00 LN 500 (KG)""";"=""KG""";"6034,43";"45581,5268469858";"7,55357620305246"
"=""Almox Central""";"=""MP Chapas Diversas""";"=""120846 - CHAPA  5/16  (7.93)  INOX-304 (KG)""";"=""KG""";"2,97";"50,45733";"16,989"
"=""Almox Central""";"=""MP Chapas Diversas""";"=""120847 - CHAPA  3/8  (9.53)  INOX-304 (KG)""";"=""KG""";"325,13";"9955,27824894787";"30,6193776303259"
"=""Almox Central""";"=""MP Chapas Especiais 1070""";"=""120261 - CHAPA DE ACO SAE-1070 - 3,00mm. (KG)""";"=""KG""";"88";"929,025666296706";"10,5571098442807"
"=""Almox Central""";"=""MP Chapas Especiais 1070""";"=""120985 - CHAPA EXPANDIDA 1/4"""" X 2000 X 1000MM (Un)""";"=""Un""";"4";"918,39";"229,5975"
"=""Almox Central""";"=""MP Chapas Finas SAE 1008 e 10 e 20""";"=""120121 - CHAPA FF #18   (1,21)     1010 (KG)""";"=""KG""";"1554,4";"9081,06229";"5,84216565234174"
"=""Almox Central""";"=""MP Chapas Grossas SAE 1008 e 10 e 20""";"=""120054 - CHAPA GQ   5/8 (15,8)     1010 (KG)""";"=""KG""";"14,304";"94,8105080717294";"6,62825140322493"
"=""Almox Central""";"=""MP Chapas Grossas SAE 1008 e 10 e 20""";"=""120157 - CHAPA GQ   3/8 (9,53)     1010 (KG)""";"=""KG""";"3771,5853";"20898,7137123608";"5,54109533525885"
"=""Almox Central""";"=""MP Chapas Grossas SAE 1008 e 10 e 20""";"=""120352 - CHAPA GQ   1/2 (12,7)     1010 (KG)""";"=""KG""";"4229,4268";"24244,8189652388";"5,73241247850391"
"=""Almox Central""";"=""MP Chapas Grossas SAE 1008 e 10 e 20""";"=""120376 - CHAPA GQ 1"""" (25,4) 1010/1020 (KG)""";"=""KG""";"2544,4708";"16417,4907658943";"6,45222211467087"
"=""Almox Central""";"=""MP Chapas Grossas SAE 1008 e 10 e 20""";"=""120509 - CHAPA GQ   3/4 (19,0)     1010 (KG)""";"=""KG""";"1821,5035";"9347,1902005196";"5,13157959922647"
"=""Almox Central""";"=""MP Chapas Grossas SAE 1008 e 10 e 20""";"=""120650 - CHAPA GQ   5/16(7,94)     1010 (KG)""";"=""KG""";"2928,9289";"15967,3855555531";"5,45161255213573"
"=""Almox Central""";"=""MP Forjados Chumbo""";"=""110437 - CHUMBO LINGOTE PURO MOLE (KG)""";"=""KG""";"805,5";"18576,540047";"23,0621229633768"
"=""Almox Central""";"=""MP Madeiras Carretas""";"=""116625 - COMP. NAVAL FILM 2L 3870 X 450 X 20MM (Un)""";"=""Un""";"206";"37113,38733";"180,162074417476"
"=""Almox Central""";"=""MP Madeiras Carretas""";"=""116626 - COMP. NAVAL FILM 2L 3070 X 450 X 20MM (Un)""";"=""Un""";"256";"36940,867448";"144,30026346875"
"=""Almox Central""";"=""MP Madeiras Carretas""";"=""116628 - COMP. NAVAL FILM 2L 3890 X 1695 X 20MM (Un)""";"=""Un""";"76";"71555,09138";"941,514360263158"
"=""Almox Central""";"=""MP Madeiras Carretas""";"=""116629 - COMP. NAVAL FILM 2L 3070 X 600 X 20MM (Un)""";"=""Un""";"4";"1053,44637857143";"263,361594642857"
"=""Almox Central""";"=""MP Madeiras Carretas""";"=""116630 - COMP. NAVAL FILM 2L 3870 X 600 X 20MM (Un)""";"=""Un""";"8";"2289,48803485714";"286,186004357143"
"=""Almox Central""";"=""MP Madeiras Carretas""";"=""116632 - COMP. NAVAL FILM 2L 3930 X 327 X 20MM (Un)""";"=""Un""";"39";"7185,4790703913";"184,243053086957"
"=""Almox Central""";"=""MP Madeiras Carretas""";"=""116633 - COMP. NAVAL FILM 2L 1790X 450 X 20MM (Un)""";"=""Un""";"464";"38813,687536";"83,6501886551724"
"=""Almox Central""";"=""MP Madeiras Carretas""";"=""116635 - COMP. NAVAL FILM 2L 1790 X 600 X 20MM (Un)""";"=""Un""";"12";"1510,209186";"125,8507655"
"=""Almox Central""";"=""MP Madeiras Carretas""";"=""116636 - COMP. NAVAL FILM 2L 3890 X 2205 X 20MM (Un)""";"=""Un""";"22";"28305,912927";"1286,63240577273"
"=""Almox Central""";"=""MP Madeiras Carretas""";"=""116641 - COMP. NAVAL FILM 2L 3090 X 1695 X 20MM (Un)""";"=""Un""";"112";"84827,534113";"757,3886974375"
"=""Almox Central""";"=""MP Perfis Cantoneiras""";"=""130552 - CANTONEIRA   3/16 X 2     1020 (KG)""";"=""KG""";"234,82";"1927,46294163789";"8,20825714009832"
"=""Almox Central""";"=""MP Perfis Cantoneiras""";"=""130631 - CANTONEIRA   1/4  X 3         1020 (KG)""";"=""KG""";"69";"543,085574930347";"7,87080543377314"
"=""Almox Central""";"=""MP Tubos Quadrados""";"=""134016 - TUBO QDR    70,00 X 4,75 (KG)""";"=""KG""";"439,364";"3741,26913338098";"8,51519271806744"
"=""Almox Central""";"=""MP Tubos Quadrados""";"=""134017NAC - TUBO RETANGULAR 150 X 100 X 6.35 X 6000 (KG)""";"=""KG""";"5554,386";"36640,2032775853";"6,59662531152594"
"=""Almox Central""";"=""MP Tubos Quadrados""";"=""134018NAC - TUBO RETANGULAR 200 X 100 X 4.75 (KG)""";"=""KG""";"4193,589";"26918,9738085821";"6,41907774190129"
"=""Almox Central""";"=""MP Tubos Quadrados""";"=""134019NAC - TUBO RETANGULAR 200 X 100 X 6.35 (KG)""";"=""KG""";"541,31";"5086,55787171579";"9,39675578082021"
"=""Almox Central""";"=""MP Tubos Quadrados""";"=""134020NAC - TUBO QUADRADO 100 X 100 X 4,75 (KG)""";"=""KG""";"306,6038";"1494,188895";"4,87335412998795"
"=""Almox Central""";"=""MP Tubos Quadrados""";"=""134031NAC - TUBO QUADRADO   100,00 X 100,00 X 6MM (KG)""";"=""KG""";"1506,795";"11771,0433668044";"7,81197400230579"
"=""Almox Central""";"=""MP Tubos Quadrados""";"=""134055NAC - TUBO QUADRADO 120 X 120 X 8.00 (KG)""";"=""KG""";"10135,89";"81143,4017513684";"8,00555271923516"
"=""Almox Central""";"=""MP Tubos Quadrados""";"=""134057NAC - TUBO QUADRADO 200 X 200 X 4.75 (KG)""";"=""KG""";"698,8744";"7760,09774281793";"11,1037086818718"
"=""Almox Central""";"=""MP Tubos Quadrados""";"=""134060 - TUBO RET  50 X 30 X 2.00MM TAM. 6 METROS (KG)""";"=""KG""";"2801,1561";"18060,3321906993";"6,44745653078716"
"=""Almox Central""";"=""MP Tubos Quadrados""";"=""134062NAC - TUBO RETANGULAR 100 X 50 X 3.75 X 6300 mm (KG)""";"=""KG""";"9799,982";"67746,9942517707";"6,91297129441368"
"=""Almox Central""";"=""MP Tubos Quadrados""";"=""134063 - TUBO RETANGULAR 250 X 150 X 6.30 (KG)""";"=""KG""";"2250,91";"18454,7104004219";"8,19877756126274"
"=""Almox Central""";"=""MP Tubos Quadrados""";"=""134063NAC - TUBO RETANGULAR 100 X 80 X 4.75 (KG)""";"=""KG""";"744,34";"5898,36080556265";"7,92428299642992"
"=""Almox Central""";"=""MP Tubos Quadrados""";"=""134066 - TUBO RET  50 X 30 X 2.00MM TAM. 5 METROS (KG)""";"=""KG""";"3759,6";"24243,5530537798";"6,44843947594952"
"=""Almox Central""";"=""MP Tubos Redondos""";"=""134030 - TUBO MEC STAND 101.60 X 6.30 (KG)""";"=""KG""";"109,8282";"985,597780747323";"8,97399557442736"
"=""Almox Central""";"=""MP Tubos Redondos""";"=""134107 - TUBO SCHEDULLE 80 - 4"""" (KG)""";"=""KG""";"129,73";"1329,44447117857";"10,2477797824603"
"=""Almox Central""";"=""MP Tubos Redondos""";"=""134132 - TUBO MECANICO  32 X  20  ST-52 (KG)""";"=""KG""";"184,8";"4498,64922115786";"24,3433399413304"
"=""Almox Central""";"=""MP Tubos Redondos""";"=""134133 - TUBO MECANICO  32 X  16  ST-52 (KG)""";"=""KG""";"88,2";"1064,35365367442";"12,0675017423404"
"=""Almox Central""";"=""MP Tubos Redondos""";"=""134144 - TUBO SCHEDULLE 80 - 2"""" C/C (KG)""";"=""KG""";"320,57";"2629,00073429496";"8,20101922916978"
"=""Almox Central""";"=""MP Tubos Redondos""";"=""134157 - TUBO MECANICO  50 X  32  ST-52 (KG)""";"=""KG""";"116,3954";"3027,70815806549";"26,0122664475184"
"=""Almox Central""";"=""MP Tubos Redondos""";"=""134170 - TUBO SCHEDULLE 80 - 1.1/2"""" (KG)""";"=""KG""";"131,52";"1013,96711512072";"7,70960397749941"
"=""Almox Central""";"=""MP Tubos Redondos""";"=""134172 - TUBO SCHEDULLE 80 - 1"""" S/C (KG)""";"=""KG""";"98,7";"1322,49475633776";"13,3991363357423"
"=""Almox Central""";"=""MP Tubos Redondos""";"=""134200 - TUBO SCHEDULLE 80 - 1.1/4"""" (KG)""";"=""KG""";"8,84";"56,5160890333403";"6,39322274132809"
"=""Almox Central""";"=""MP Tubos Redondos""";"=""134212 - TUBO MECANICO  56 X  40  ST-52 (KG)""";"=""KG""";"0,54";"12,9109177027962";"23,9091068570299"
"=""Almox Central""";"=""MP Tubos Redondos""";"=""134223 - TUBO MECANICO  71 X  54  ST-52 (KG)""";"=""KG""";"405,6";"6060,60109410241";"14,9423103897988"
"=""Almox Central""";"=""MP Tubos Redondos""";"=""134224 - TUBO MECANICO  71 X  43  ST-52 (KG)""";"=""KG""";"98,7";"1600,77868679423";"16,2186290455342"
"=""Almox Central""";"=""MP Tubos Redondos""";"=""134375 - TUBO     1/2       DIN 2440 (KG)""";"=""KG""";"515,042";"4077,91362836008";"7,91763318012915"
"=""Almox Central""";"=""MP Tubos Redondos""";"=""134430 - TUBO SCHEDULLE 40 - 1.1/4"""" (KG)""";"=""KG""";"187,31";"1455,35099216512";"7,76974530011809"
"=""Almox Central""";"=""MP Tubos Redondos""";"=""134510 - TUBO SCHEDULLE 40 - 1"""" (KG)""";"=""KG""";"13,5";"91,1503127575148";"6,75187501907517"
"=""Almox Central""";"=""MP Tubos Redondos""";"=""134625 - TUBO MECANICO  40 X  20  ST-52 (KG)""";"=""KG""";"354,311";"9253,17906475943";"26,1159802116204"
"=""Almox Central""";"=""MP Tubos Redondos""";"=""134716 - TUBO MECANICO  56 X  28  ST-52 (KG)""";"=""KG""";"586,9";"13979,6458726719";"23,8194681763025"
"=""Almox Central""";"=""MP Tubos Redondos""";"=""134789 - TUBO MECANICO  131 X 105 ST-52 (KG)""";"=""KG""";"224,45";"3348,74567227148";"14,9197846837669"
"=""Almox Central""";"=""MP Tubos Redondos""";"=""134855 - TUBO     1           DIN 2440 (KG)""";"=""KG""";"137,14";"905,337824646153";"6,60155917052758"
"=""Almox Central""";"=""MP Tubos Redondos""";"=""134892 - TUBO SCHEDULLE 80 - 3.1/2"""" (KG)""";"=""KG""";"1587,6";"22910,6061762443";"14,4309688688866"
"=""Almox Central""";"=""MPC ABP Anéis""";"=""210011 - ANEL O'RING 2-244 (Un)""";"=""Un""";"200";"691,729638536585";"3,45864819268293"
"=""Almox Central""";"=""MPC ABP Anéis""";"=""210013 - ANEL GUIA MOLYGARD W2-2250-500 (REF. PARKER) (Un)""";"=""Un""";"300";"2141,97908056769";"7,13993026855895"
"=""Almox Central""";"=""MPC ABP Anéis""";"=""210019 - ANEL GUIA MOLYGARD 6W2-2612-500 (Un)""";"=""Un""";"50";"989,168648195876";"19,7833729639175"
"=""Almox Central""";"=""MPC ABP Anéis""";"=""210026 - ANEL O'RING 2-045 (Un)""";"=""Un""";"700";"561,632095177305";"0,802331564539007"
"=""Almox Central""";"=""MPC ABP Anéis""";"=""210027 - ANEL O'RING 2-026 (Un)""";"=""Un""";"600";"65,9581628289474";"0,109930271381579"
"=""Almox Central""";"=""MPC ABP Anéis""";"=""210028 - ANEL O'RING 2-029 (Un)""";"=""Un""";"300";"35,9420790697674";"0,119806930232558"
"=""Almox Central""";"=""MPC ABP Anéis""";"=""210029 - ANEL O'RING 2-047 (Un)""";"=""Un""";"250";"222,415194373402";"0,889660777493606"
"=""Almox Central""";"=""MPC ABP Anéis""";"=""210158 - ANEL O-RING 2-342 (Un)""";"=""Un""";"98";"474,741661111864";"4,84430266440678"
"=""Almox Central""";"=""MPC ABP Anéis""";"=""210160 - ANEL RASPADOR     REF D-2000 (Un)""";"=""Un""";"498";"2124,75196244571";"4,26657020571429"
"=""Almox Central""";"=""MPC ABP Anéis""";"=""210161 - ANEL RASPADOR D-2375 (Un)""";"=""Un""";"250";"1414,68325581395";"5,65873302325582"
"=""Almox Central""";"=""MPC ABP Anéis""";"=""292291 - GAX MOLYTH REF 25002000375 (Un)""";"=""Un""";"300";"2408,06425542857";"8,02688085142857"
"=""Almox Central""";"=""MPC ABP Anéis""";"=""292292 - GAXETA MOLYTHANE POLYPAK TIPO B 25002375-375 B (Un)""";"=""Un""";"150";"1675,39334821958";"11,1692889881306"
"=""Almox Central""";"=""MPC ABP Anéis""";"=""292448 - GAX MOLYTH REF 37503250    MAI (Un)""";"=""Un""";"220";"4165,83364442396";"18,9356074746544"
"=""Almox Central""";"=""MPC ABP Contra Pinos""";"=""222100 - CONTRA PINO  5/32 X 1.1/2 (Un)""";"=""Un""";"1200";"144,963514777644";"0,12080292898137"
"=""Almox Central""";"=""MPC ABP Contra Pinos""";"=""222148 - CONTRA PINO  3/16 X 1.1/2 (Un)""";"=""Un""";"5112";"919,166248367851";"0,179805604140816"
"=""Almox Central""";"=""MPC ABP Contra Pinos""";"=""222150 - CONTRA PINO  1/4  X 2.1/2 (Un)""";"=""Un""";"2000";"819,406250323651";"0,409703125161826"
"=""Almox Central""";"=""MPC ABP Contra Pinos""";"=""222197 - CONTRA PINO  1/8  X 1 (Un)""";"=""Un""";"1350";"71,6409714406766";"0,053067386252353"
"=""Almox Central""";"=""MPC ABP Contra Pinos""";"=""222252 - CONTRA PINO  3/16 X 2 (Un)""";"=""Un""";"4598";"1191,36080278713";"0,259104132837566"
"=""Almox Central""";"=""MPC ABP Contra Pinos""";"=""222859 - CONTRA PINO  3/16 X 3 (Un)""";"=""Un""";"2549";"691,164855109801";"0,271151375092115"
"=""Almox Central""";"=""MPC CBM Cardans e Comp Diversos""";"=""200391 - KIT BOMBA MULTI-FLEX SEMI-COMPLETO (SEM GAIOLA) (Un)""";"=""Un""";"10";"63679,7024190909";"6367,97024190909"
"=""Almox Central""";"=""MPC CCP Correntes""";"=""226105 - CORRENTE ELO 3/16 F. POLIDO (KG)""";"=""KG""";"777,4";"10810,6777268442";"13,9061972303115"
"=""Almox Central""";"=""MPC Cilindros Hidraulicos""";"=""222416 - CILINDRO TEL. CBH 8T 19 OC (Un)""";"=""Un""";"43";"92341,0016884545";"2147,46515554545"
"=""Almox Central""";"=""MPC Cilindros Hidraulicos""";"=""222433 - TUBO TCH 114,30 X 101,60 X 06 ST52 IMP BRUN 4 (Un)""";"=""Un""";"103";"20691,228757717";"200,88571609434"
"=""Almox Central""";"=""MPC Cilindros Hidraulicos""";"=""222434 - AÇO MT 2"""" CROMADO SAE 1045 NORMAL (050.80 MM) (Un)""";"=""Un""";"150";"29770,6423800653";"198,470949200435"
"=""Almox Central""";"=""MPC Cilindros Hidraulicos""";"=""222435 - TUBO TCH 127.00 X 114.30 X 06.35 ST52 BRUN 4.1/2"""" (Un)""";"=""Un""";"95";"20103,6204762397";"211,617057644628"
"=""Almox Central""";"=""MPC Cilindros Hidraulicos""";"=""222438 - AÇO MT 60.00 CROMADO SAE 1045 NORMAL (Un)""";"=""Un""";"149";"40615,4151487468";"272,586678850649"
"=""Almox Central""";"=""MPC Cilindros Hidraulicos""";"=""240471 - CILINDRO TELESCÓPICO CBH 6T 10 OC NV (Un)""";"=""Un""";"26";"35551,4298388655";"1367,36268611021"
"=""Almox Central""";"=""MPC Cilindros Hidraulicos""";"=""240643 - CILINDRO 2 ESTAGIO 57,15 MM BASC. LATERAL (Un)""";"=""Un""";"5";"6597,46024573346";"1319,49204914669"
"=""Almox Central""";"=""MPC Componentes sem Movimentação""";"=""258210 - PARAF SEX   3/4 X 1.1/2    UNC ZB (Un)""";"=""Un""";"345";"585,923071221953";"1,69832774267233"
"=""Almox Central""";"=""MPC Componentes sem Movimentação""";"=""289269 - ROLAMENTO REF. 32214 1º LINHA (Un)""";"=""Un""";"135";"5635,52408585106";"41,744622858156"
"=""Almox Central""";"=""MPC Cubos Fundidos""";"=""222401 - CUBO RODA F. FUND. NOD. GGG-50"""" F6 (Un)""";"=""Un""";"430";"49783,5870649373";"115,775783871947"
"=""Almox Central""";"=""MPC Cubos Fundidos""";"=""222402 - CUBO RODA F. FUND. NOD. GGG-50"""" FA4/CBHM (Un)""";"=""Un""";"407";"51986,2316261241";"127,730298835686"
"=""Almox Central""";"=""MPC Cubos Fundidos""";"=""222404 - CUBO RODA F. FUND. NOD. GGG-50"""" CBHM 6000 (Un)""";"=""Un""";"353";"31399,5660109046";"88,9506119289083"
"=""Almox Central""";"=""MPC Cubos Fundidos""";"=""222411 - CUBO P/ DIST. CALCÁRIO C/ PARAF. E PORCAS (Un)""";"=""Un""";"44";"30401,7962489778";"690,949914749495"
"=""Almox Central""";"=""MPC Diversos""";"=""209911 - ENGATE RÁPIDO C2 COM ESCAMA 050030005 (Un)""";"=""Un""";"10";"394,793175";"39,4793175"
"=""Almox Central""";"=""MPC Diversos Outros""";"=""200950 - CANHÃO DIFUSOR 2.1/2"""" (Un)""";"=""Un""";"4";"5957,516";"1489,379"
"=""Almox Central""";"=""MPC Diversos Outros""";"=""200953 - BOMBA LOBULAR 4"""" BL4001 (Un)""";"=""Un""";"9";"39312,321804";"4368,035756"
"=""Almox Central""";"=""MPC Diversos Outros""";"=""213355 - COTOVELO 90° FG 2"""" (Un)""";"=""Un""";"15";"449,2125";"29,9475"
"=""Almox Central""";"=""MPC Diversos Outros""";"=""213356 - ADAPTADOR SIMPLES RANHURA DUPLA 2"""" (Un)""";"=""Un""";"61";"1392,85618174359";"22,8337078974359"
"=""Almox Central""";"=""MPC Diversos Outros""";"=""213602 - ABRACADEIRA P/ MANGOTE MS 5462 (Un)""";"=""Un""";"75";"980,040678843849";"13,0672090512513"
"=""Almox Central""";"=""MPC Diversos Outros""";"=""216537 - BORRACHA VEDAÇÃO CÓD. 84601-01 (M)""";"=""M""";"175";"1244,97492426665";"7,11414242438088"
"=""Almox Central""";"=""MPC Diversos Outros""";"=""222057 - GRAMPO 1/2""""x55x110-B P/ FXS. (Un)""";"=""Un""";"670";"1904,25376831409";"2,84216980345387"
"=""Almox Central""";"=""MPC Diversos Outros""";"=""222058 - GRAMPO 1/2""""x55x155-B P/ FXS. (Un)""";"=""Un""";"8451";"32083,007710812";"3,79635637330636"
"=""Almox Central""";"=""MPC Diversos Outros""";"=""222185 - PINO TRAVA C/ ARG. 3/8"""" X 2"""" - ZA. (Un)""";"=""Un""";"1500";"3047,84915596618";"2,03189943731078"
"=""Almox Central""";"=""MPC Diversos Outros""";"=""222217 - PINO TRAVA BUSSAL 3/8 X 2.1/4"""" C/ARGOLA (Un)""";"=""Un""";"139";"852,8928105";"6,1359195"
"=""Almox Central""";"=""MPC Diversos Outros""";"=""222326 - PINO ELÁSTICO 4 X 26MM (Un)""";"=""Un""";"1352";"144,179950379672";"0,106641975132893"
"=""Almox Central""";"=""MPC Diversos Outros""";"=""234205 - GRAXEIRO 1/4 UNF       RETO (Un)""";"=""Un""";"8300";"1759,9126658265";"0,212037670581506"
"=""Almox Central""";"=""MPC Diversos Outros""";"=""240461 - ADAPTADOR 3/4""""-16 PTT-30° (Un)""";"=""Un""";"78";"204,042443";"2,61592875641026"
"=""Almox Central""";"=""MPC Diversos Outros""";"=""240462 - CAPS DE VINIL DMPC 0740-1A (Un)""";"=""Un""";"1350";"1450,46069956689";"1,07441533301251"
"=""Almox Central""";"=""MPC Diversos Outros""";"=""240473 - TERMINAL MACHO - CIL. CBH's (Un)""";"=""Un""";"5855";"25097,606375077";"4,28652542699863"
"=""Almox Central""";"=""MPC Diversos Outros""";"=""240590 - ADAPT. 1/2"""" NPTF X 3/4-16-PTT-30° (Un)""";"=""Un""";"200";"908,586517566231";"4,54293258783115"
"=""Almox Central""";"=""MPC Diversos Outros""";"=""260826 - BUCHA FLUTUANTE PARA FEIXE DE MOLAS (Un)""";"=""Un""";"575";"1709,75185750707";"2,97348149131664"
"=""Almox Central""";"=""MPC Diversos Outros""";"=""266176 - PLACA DE IDENT. CEMAG (Un)""";"=""Un""";"2667";"2274,68296626477";"0,852899499911802"
"=""Almox Central""";"=""MPC Diversos Outros""";"=""292023 - LUVA SIMPLES GALV 2"""" BSP (Un)""";"=""Un""";"25";"574,502828815463";"22,9801131526185"
"=""Almox Central""";"=""MPC Diversos Rebites""";"=""282005 - REBITE DE ALUMINIO 4X6 (Un)""";"=""Un""";"3000";"181,953719336621";"0,0606512397788736"
"=""Almox Central""";"=""MPC Diversos Rebites""";"=""282169 - REBITE DE ALUMINIO   6X12 (Un)""";"=""Un""";"2000";"302,144748572939";"0,15107237428647"
"=""Almox Central""";"=""MPC Diversos Tubos e Conexões""";"=""292242 - TAMPAO PVC 2"""" (Un)""";"=""Un""";"10";"134,970174761905";"13,4970174761905"
"=""Almox Central""";"=""MPC Diversos Valvulas de Gaveta""";"=""292205 - VALVULA DE GAVETA 1.1/2"""" (Un)""";"=""Un""";"18";"1439,1178155";"79,95098975"
"=""Almox Central""";"=""MPC Diversos Valvulas de Gaveta""";"=""292254 - VALVULA DE GAVETA 2"""" (Un)""";"=""Un""";"21";"2620,672285";"124,793918333333"
"=""Almox Central""";"=""MPC Diversos Valvulas de Gaveta""";"=""298876 - MACHO  ENG RÁPIDO DE 1/2"""" C/PROTETOR (Un)""";"=""Un""";"380";"4558,03807306137";"11,994837034372"
"=""Almox Central""";"=""MPC Diversos Valvulas de Gaveta""";"=""299534 - LONA DE FREIO MOLDADA 1/4X2"""" (M)""";"=""M""";"25";"1407,14816080561";"56,2859264322245"
"=""Almox Central""";"=""MPC Especiais Ferrs p Carrs Macacos Mangueiras""";"=""240084 - TEE C/PORCA ANILHA 3/4 16F UNF (Un)""";"=""Un""";"340";"11273,5019905997";"33,1573587958815"
"=""Almox Central""";"=""MPC Especiais Ferrs p Carrs Macacos Mangueiras""";"=""240217 - MANG A/P SAE-100 3/8"""" x 1400mm TERM. RETO/RETO JIC 3/4"""" (Un)""";"=""Un""";"176";"6540,90610409263";"37,1642392277991"
"=""Almox Central""";"=""MPC Especiais Ferrs p Carrs Macacos Mangueiras""";"=""240229 - MANG A/P SAE-100 3/8"""" x 400mm TERM. RETO/RETO JIC 3/4"""" (Un)""";"=""Un""";"302";"4975,03035572947";"16,4736104494353"
"=""Almox Central""";"=""MPC Especiais Ferrs p Carrs Macacos Mangueiras""";"=""240233 - MANG A/P SAE-100 3/8"""" X 400 TERM. 90° JIC 3/4""""FEMEA X RETO JIC 3/4"""" UNF FEMEA (Un)""";"=""Un""";"75";"1657,476909375";"22,099692125"
"=""Almox Central""";"=""MPC Especiais Ferrs p Carrs Macacos Mangueiras""";"=""240234 - MANG A/P SAE-100 3/8"""" X 2800 C/ TERM. RETO JIC 3/4"""" UNF FEMEA (Un)""";"=""Un""";"313";"17008,0243127647";"54,3387358235294"
"=""Almox Central""";"=""MPC Especiais Ferrs p Carrs Macacos Mangueiras""";"=""240235 - MANG DE SUCÇÃO AZUL 2"""" (M)""";"=""M""";"88,42";"1952,20353532497";"22,0787552061182"
"=""Almox Central""";"=""MPC Especiais Ferrs p Carrs Macacos Mangueiras""";"=""240236 - MANG DE SUCÇÃO AZUL 4"""" (M)""";"=""M""";"116,33";"8213,00319345443";"70,6009042676388"
"=""Almox Central""";"=""MPC Especiais Ferrs p Carrs Macacos Mangueiras""";"=""240492 - FECHO RÁP. P/CARR. LD CÓD.ESP481D (Un)""";"=""Un""";"1627";"34481,1366929089";"21,1930772544001"
"=""Almox Central""";"=""MPC Especiais Ferrs p Carrs Macacos Mangueiras""";"=""240493 - FECHO RÁP. P/CARR. LE CÓD.ESP481E (Un)""";"=""Un""";"599";"12622,8979633286";"21,0732854145719"
"=""Almox Central""";"=""MPC Especiais Ferrs p Carrs Macacos Mangueiras""";"=""240494 - GANCHO C/ REBAIXO P/ F.RÁPIDO CÓD.ESP482 (Un)""";"=""Un""";"974";"4528,60374480731";"4,64949049774878"
"=""Almox Central""";"=""MPC Especiais Ferrs p Carrs Macacos Mangueiras""";"=""240634 - MACACO MOD. RAL-611 (CBHs) (Un)""";"=""Un""";"450";"67528,3359163093";"150,06296870291"
"=""Almox Central""";"=""MPC Especiais Ferrs p Carrs Macacos Mangueiras""";"=""240642 - GANCHO MENOR P/ F.RÁPIDO CÓD.FT 0040-C (Un)""";"=""Un""";"557";"1446,09477946673";"2,59622042992232"
"=""Almox Central""";"=""MPC MDC Cabos Aço Clips""";"=""222356 - GRAMPO R 4,5 X 80 ZB (Un)""";"=""Un""";"3000";"3769,43529259092";"1,25647843086364"
"=""Almox Central""";"=""MPC MDC Cabos Aço Clips""";"=""232300 - GRAMPO P/ CABO DE ACO 3/16"""" (Un)""";"=""Un""";"333";"139,94062655416";"0,420242121784264"
"=""Almox Central""";"=""MPC MDC Cabos Aço Clips""";"=""299108 - CABO DE ACO 3/16"""" GALV. 6X7 + AF. (M)""";"=""M""";"48,55";"95,145714034816";"1,95974694201475"
"=""Almox Central""";"=""MPC MDC Molas""";"=""238260 - MOLA TRAVA IÇAM. FA/FP/C (Un)""";"=""Un""";"522";"919,88829530251";"1,76223811360634"
"=""Almox Central""";"=""MPC MDC Molas""";"=""238405 - MOLA DA TRAVA DA CBHM (Un)""";"=""Un""";"1604";"4278,87687183806";"2,66762897246762"
"=""Almox Central""";"=""MPC MDC Molas""";"=""238406 - MOLA - COMPL GUIA DO ÊMBOLO - CARR MELÃO 025086 (Un)""";"=""Un""";"60";"6244,95151282051";"104,082525213675"
"=""Almox Central""";"=""MPC PA Arruelas Diversas""";"=""212028 - ARRUELA LISA 7/8"""" (Un)""";"=""Un""";"221";"177,501937643411";"0,803176188431723"
"=""Almox Central""";"=""MPC PA Arruelas Diversas""";"=""212091 - ARRUELA LISA 3/8"""" ZB CHAPA 1,5MM (Un)""";"=""Un""";"2684";"440,177095520792";"0,16400040816721"
"=""Almox Central""";"=""MPC PA Arruelas Diversas""";"=""212092 - ARRUELA LISA 1/2"""" CHAPA 1/8"""" ZB OU ZA (Un)""";"=""Un""";"7800";"1560,09294417851";"0,200011915920322"
"=""Almox Central""";"=""MPC PA Arruelas Diversas""";"=""212093 - ARRUELA LISA 3/4"""" CHAPA 3,75MM (Un)""";"=""Un""";"8500";"3900,61973375834";"0,458896439265687"
"=""Almox Central""";"=""MPC PA Arruelas Diversas""";"=""212095 - ARRUELA LISA 1"""" CH 3/16"""" (Un)""";"=""Un""";"2412";"3101,89056068551";"1,28602427889117"
"=""Almox Central""";"=""MPC PA Arruelas Diversas""";"=""212096 - ARRUELA LISA ZB 5/16"""" EXP. 1,5 MM (Un)""";"=""Un""";"2697";"308,506637276121";"0,114388816194335"
"=""Almox Central""";"=""MPC PA Arruelas Diversas""";"=""212097 - ARRUELA LISA 5/8"""" GALV # 1/8"""" (Un)""";"=""Un""";"2486";"1045,74981111552";"0,420655595782589"
"=""Almox Central""";"=""MPC PA Arruelas Diversas""";"=""212098 - ARRUELA LISA 1/4"""" GALV (Un)""";"=""Un""";"2632";"114,012702376238";"0,043317896039604"
"=""Almox Central""";"=""MPC PA Arruelas Diversas""";"=""212099 - ARRUELA LISA 1/2"""" ZB CHANFRA. # 1/8"""" (Un)""";"=""Un""";"489";"281,203453501123";"0,575058187118862"
"=""Almox Central""";"=""MPC PA Arruelas Diversas""";"=""212102 - ARRUELA LISA 1.1/4"""" GALV. 1/8"""" ESPESSURA (Un)""";"=""Un""";"300";"533,008238193689";"1,7766941273123"
"=""Almox Central""";"=""MPC PA Arruelas Diversas""";"=""212258 - ARR. DE PRES. MÉDIA - ZB 3/4"""" (Un)""";"=""Un""";"3000";"667,703845958615";"0,222567948652872"
"=""Almox Central""";"=""MPC PA Arruelas Diversas""";"=""212300 - ARRUELA LISA 27MM POL. CHAPA 3/16"""" (Un)""";"=""Un""";"2";"0,652357248484914";"0,326178624242457"
"=""Almox Central""";"=""MPC PA Arruelas Diversas""";"=""212301 - ARR. DE PRES. MÉDIA - ZB 1/2"""" (Un)""";"=""Un""";"998";"114,557579343808";"0,11478715365111"
"=""Almox Central""";"=""MPC PA Arruelas Diversas""";"=""212350 - ARR. DE PRES. MÉDIA - ZB 5/16"""" (Un)""";"=""Un""";"3385";"141,869140610785";"0,0419111198259336"
"=""Almox Central""";"=""MPC PA Arruelas Diversas""";"=""212404 - ARR. DE PRES. MÉDIA - ZB 5/8"""" (Un)""";"=""Un""";"1850";"297,390801777777";"0,160751784744744"
"=""Almox Central""";"=""MPC PA Arruelas Diversas""";"=""212507 - ARR. DE PRES. MÉDIA - ZB 1/4"""" (Un)""";"=""Un""";"3090";"65,0132136516516";"0,021039874968172"
"=""Almox Central""";"=""MPC PA Arruelas Diversas""";"=""212600 - ARR. DE PRES. MÉDIA - ZB 3/8"""" (Un)""";"=""Un""";"699";"42,9887656118674";"0,0615003799883653"
"=""Almox Central""";"=""MPC PA Porcas Especiais""";"=""272152 - PORCA CAST.  DE 3/4""""  UNF ZB (Un)""";"=""Un""";"2348";"2168,24396916767";"0,923442917022007"
"=""Almox Central""";"=""MPC PA Porcas Especiais""";"=""272401 - PORCA CAST.  DE 1"""" UNS-14 FIOS ZB (Un)""";"=""Un""";"1991";"3653,94308396994";"1,83523007733297"
"=""Almox Central""";"=""MPC PA Porcas Especiais""";"=""272403 - PORCA AC SX OSC C32/AA29 M22X1,50 CL10 CÓD. 79415 (7/8"""" UNF) (Un)""";"=""Un""";"122";"465,419253699565";"3,8149119155702"
"=""Almox Central""";"=""MPC PA Porcas Especiais""";"=""272504 - PORCA CAST 1.1/2 S/COROA - UNC ZB (Un)""";"=""Un""";"731";"4508,39828255102";"6,1674395110137"
"=""Almox Central""";"=""MPC PA Porcas Especiais""";"=""273405 - PORCA CÔN. 1/2"""" UNF - CH-13/16"""" ZB (Un)""";"=""Un""";"6680";"3101,79246269815";"0,464340189026669"
"=""Almox Central""";"=""MPC PA Porcas Especiais""";"=""273600 - PORCA CON. 5/8"""" UNF CH-1.1/16"""" ZB (Un)""";"=""Un""";"8497";"6811,10007040067";"0,801588804331019"
"=""Almox Central""";"=""MPC PA Porcas Especiais""";"=""275098 - PORCA  A/T. NY  3/4"""" ALTA UNF-ZB (Un)""";"=""Un""";"499";"641,785368877268";"1,28614302380214"
"=""Almox Central""";"=""MPC PA Porcas Especiais""";"=""279419 - PORCA  DUPLA DE 1/2""""  UNF - ZB (Un)""";"=""Un""";"274";"111,238352865235";"0,405979390019105"
"=""Almox Central""";"=""MPC PA Porcas Sext Comum""";"=""274033 - PORCA CAST.  DE 7/8""""  UNF ZB (Un)""";"=""Un""";"106";"174,145034792905";"1,64287768672552"
"=""Almox Central""";"=""MPC PA Porcas Sext Comum""";"=""274057 - PORCA SEX     1/2   UNF  ZB (Un)""";"=""Un""";"1539";"482,996485465141";"0,313837872297038"
"=""Almox Central""";"=""MPC PA Porcas Sext Comum""";"=""274124 - PORCA SEX     1/2   UNC  ZB (Un)""";"=""Un""";"8542";"1764,1224190923";"0,206523345714388"
"=""Almox Central""";"=""MPC PA Porcas Sext Comum""";"=""274151 - PORCA SEXTAVADA 1.1/4"""" UNF 8.8 (Un)""";"=""Un""";"420";"1731,19159521649";"4,12188475051546"
"=""Almox Central""";"=""MPC PA Porcas Sext Comum""";"=""274203 - PORCA SEX     3/4""""   UNC  ZB (Un)""";"=""Un""";"1911";"1192,07401983986";"0,623795928749274"
"=""Almox Central""";"=""MPC PA Porcas Sext Comum""";"=""274252 - PORCA SEX    5/16""""  UNC  ZB (Un)""";"=""Un""";"2143";"155,359311463363";"0,0724961789376403"
"=""Almox Central""";"=""MPC PA Porcas Sext Comum""";"=""274288 - PORCA SEX     5/8""""  UNF  ZB (Un)""";"=""Un""";"881";"388,291745325817";"0,44073977903044"
"=""Almox Central""";"=""MPC PA Porcas Sext Comum""";"=""274306 - PORCA SEX     5/8""""  UNC  ZB (Un)""";"=""Un""";"1945";"912,492791287523";"0,469147964672248"
"=""Almox Central""";"=""MPC PA Porcas Sext Comum""";"=""274355 - PORCA SEX     1/4          UNF (Un)""";"=""Un""";"194";"11,024066110678";"0,0568250830447321"
"=""Almox Central""";"=""MPC PA Porcas Sext Comum""";"=""274409 - PORCA SEX     1/4""""  UNC  ZB (Un)""";"=""Un""";"3865";"193,734636354937";"0,0501253910362061"
"=""Almox Central""";"=""MPC PA Porcas Sext Comum""";"=""274604 - PORCA SEX     3/8""""  UNC  ZB (Un)""";"=""Un""";"4204";"364,521577654491";"0,0867082725153404"
"=""Almox Central""";"=""MPC PA Porcas Sext Comum""";"=""274964 - PORCA SEXTAVADA G5 1.1/2"""" UNF (Un)""";"=""Un""";"824";"3667,88409078671";"4,45131564415863"
"=""Almox Central""";"=""MPC PA Porcas Sext Comum""";"=""279158 - PORCA SEX   1              UNC (Un)""";"=""Un""";"518";"1195,3546377567";"2,30763443582375"
"=""Almox Central""";"=""MPC Parafusos   8o8""";"=""258192 - PARAF SEX   3/4 X 2  8.8 UNF ZB (Un)""";"=""Un""";"57";"145,108974379674";"2,54577148034516"
"=""Almox Central""";"=""MPC Parafusos   8o8""";"=""258820 - PARAF SEX  1/2"""" X 4.1/2""""  8.8 UNF (Un)""";"=""Un""";"92";"228,5098521377";"2,48380274062718"
"=""Almox Central""";"=""MPC Parafusos   8o8""";"=""260400 - PARAF SEX   5/8 X 1.3/4 8.8UNF ZB (Un)""";"=""Un""";"43";"81,2204157382956";"1,88884687763478"
"=""Almox Central""";"=""MPC Parafusos   8o8""";"=""260629 - PARAF SEX   5/8 X1.1/2 8.8 NC ZB (Un)""";"=""Un""";"361";"535,321162596716";"1,48288410691611"
"=""Almox Central""";"=""MPC Parafusos   8o8""";"=""260836 - PARAF SEX   1/2 X 2.1/4 8.8UNC ZB (Un)""";"=""Un""";"376";"528,990145419968";"1,40688868462758"
"=""Almox Central""";"=""MPC Parafusos Allem""";"=""257086 - PARAF ALLEN C/ CAB 1/4 X 5/8""""  UNF (NÃO USAR, SUBSTITUÍDO.) (Un)""";"=""Un""";"4725";"3063,92336654358";"0,648449389744672"
"=""Almox Central""";"=""MPC Parafusos Allem""";"=""257645 - PARAF ALLEN 1/4 X 2"""" NC C/CAB. (Un)""";"=""Un""";"6880";"2061,39849981944";"0,299621874973756"
"=""Almox Central""";"=""MPC Parafusos Especial""";"=""255452 - PARAF RODA 5/8-18Fx2.3/32 - 216R (Un)""";"=""Un""";"7548";"12861,5995854188";"1,70397450787212"
"=""Almox Central""";"=""MPC Parafusos Especial""";"=""255454 - PARAF RODA MB (1.50) 10.9 22X89 ESPIRAL MBB CÓD. 812371 (7/8""""X2.1/2"""" UNF) (Un)""";"=""Un""";"540";"3735,39721547703";"6,91740225088339"
"=""Almox Central""";"=""MPC Parafusos Especial""";"=""255464 - PARAF RODA 1/2 X 1.3/4"""" CF. DES. (Un)""";"=""Un""";"9518";"9557,2906047877";"1,00412803160199"
"=""Almox Central""";"=""MPC Parafusos Frances""";"=""256020 - PARAF FRANC 1/2 X 1.1/2 GALV (Un)""";"=""Un""";"165";"223,589028985507";"1,35508502415459"
"=""Almox Central""";"=""MPC Parafusos Frances""";"=""256161 - PARAF FRANC 3/8 X 2"""" (Un)""";"=""Un""";"1247";"743,761950481952";"0,596441018830756"
"=""Almox Central""";"=""MPC Parafusos Frances""";"=""256328 - PARAF FRANC 5/16X1.1/2 C/PO.SX. (Un)""";"=""Un""";"3948";"1063,00064399572";"0,269250416412289"
"=""Almox Central""";"=""MPC Parafusos Frances""";"=""256808 - PARAF FRANC 3/8 X 1 (Un)""";"=""Un""";"357";"106,63387";"0,29869431372549"
"=""Almox Central""";"=""MPC Parafusos Sext Comum""";"=""258003 - PARAF SEX   3/8 X 1.1/4   UNC ZB (Un)""";"=""Un""";"348";"111,852954797419";"0,321416536774194"
"=""Almox Central""";"=""MPC Parafusos Sext Comum""";"=""258090 - PARAF SEX   5/16X 3/4    UNC ZB (Un)""";"=""Un""";"363";"59,7239955695352";"0,164528913414697"
"=""Almox Central""";"=""MPC Parafusos Sext Comum""";"=""258155 - PARAF SEX   1/2 X 3.1/2  UNC  ZB (Un)""";"=""Un""";"450";"560,05973830473";"1,24457719623273"
"=""Almox Central""";"=""MPC Parafusos Sext Comum""";"=""258234 - PARAF SEX   3/4 X 2   UNC ZB (Un)""";"=""Un""";"1516";"2765,74929281964";"1,82437288444567"
"=""Almox Central""";"=""MPC Parafusos Sext Comum""";"=""258236 - PARAFUSO SEXTAVADO 3/4"""" X 2.1/2"""" UNC (Un)""";"=""Un""";"2383";"5465,91517457326";"2,29371178118895"
"=""Almox Central""";"=""MPC Parafusos Sext Comum""";"=""258271 - PARAF SEX   3/8 X 1.1/2    UNC (Un)""";"=""Un""";"1405";"449,711174";"0,320079127402135"
"=""Almox Central""";"=""MPC Parafusos Sext Comum""";"=""258416 - PARAF SEX   5/16X 1.1/4    UNC (Un)""";"=""Un""";"159";"43,2854969201111";"0,272235829686234"
"=""Almox Central""";"=""MPC Parafusos Sext Comum""";"=""258532 - PARAF SEX   1/2 X 2 """"     UNC ZB (Un)""";"=""Un""";"288";"206,923819506939";"0,718485484399095"
"=""Almox Central""";"=""MPC Parafusos Sext Comum""";"=""258544 - PARAF SEX   1/2 X 3""""     UNC ZB (Un)""";"=""Un""";"97";"109,654047948718";"1,1304541025641"
"=""Almox Central""";"=""MPC Parafusos Sext Comum""";"=""258570 - PARAF SEX   3/8 X 2        UNC (Un)""";"=""Un""";"275";"131,48647428125";"0,47813263375"
"=""Almox Central""";"=""MPC Parafusos Sext Comum""";"=""258910 - PARAF SEX   3/4 X 3  UNC ZB (Un)""";"=""Un""";"491";"1680,31443802772";"3,4222289980198"
"=""Almox Central""";"=""MPC Parafusos Sext Comum""";"=""260101 - PARAF SEX   1/2 X 1.1/2  UNC ZB (Un)""";"=""Un""";"2262";"1578,87390677802";"0,697999074614509"
"=""Almox Central""";"=""MPC Parafusos Sext Comum""";"=""260137 - PARAF SEX   5/8 X 2.1/4    UNC (Un)""";"=""Un""";"780";"1280,39528705243";"1,64153241929798"
"=""Almox Central""";"=""MPC Parafusos Sext Comum""";"=""260484 - PARAF SEX   1/2 X 1.1/4    UNC (Un)""";"=""Un""";"1900";"1270,46117413108";"0,668663775858461"
"=""Almox Central""";"=""MPC Parafusos Sext Comum""";"=""260824 - PARAF SEX   5/8 X 2.1/2    UNC (Un)""";"=""Un""";"232";"337,084881185185";"1,45295207407407"
"=""Almox Central""";"=""MPC Parafusos Sext Comum""";"=""260988 - PARAF SEX   5/8 X 1.3/4  UNC ZB (Un)""";"=""Un""";"418";"397,013761284122";"0,949793687282589"
"=""Almox Central""";"=""MPC Parafusos Sext Comum""";"=""501307 - PARAFUSO SEX 5/8 X 3.1/2"""" UNC (Un)""";"=""Un""";"100";"554";"5,54"
"=""Almox Central""";"=""MPC PR Pneus e Camaras""";"=""218250 - CÂMARA FM 15.5 TR15 (Un)""";"=""Un""";"68";"7901,49879";"116,198511617647"
"=""Almox Central""";"=""MPC PR Pneus e Camaras""";"=""218455 - CAMARA AR 750X16 (16"""" L430) (Un)""";"=""Un""";"315";"12231,1149153494";"38,8289362392044"
"=""Almox Central""";"=""MPC PR Pneus e Camaras""";"=""268150 - PNEU 7.50-16 IMPL (16TT 10PR RA45) (Un)""";"=""Un""";"798";"344434,712071221";"431,622446204538"
"=""Almox Central""";"=""MPC PR Pneus e Camaras""";"=""268203 - PNEU 9.00 X 20 14 Pr (14 LONAS) (Un)""";"=""Un""";"18";"18728,64";"1040,48"
"=""Almox Central""";"=""MPC PR Pneus e Camaras""";"=""268502 - PNEU 400/60-15.5 SMHF I3 14L S/C (Un)""";"=""Un""";"52";"68536,231007";"1318,00444244231"
"=""Almox Central""";"=""MPC PR Rodas e Aros""";"=""214104 - RODA 6 FUROS RS (PARAF. 1/2) (Un)""";"=""Un""";"555";"111516,528383265";"200,930681771648"
"=""Almox Central""";"=""MPC PR Rodas e Aros""";"=""214105 - RODA 6 FUROS RD (PARAF. 5/8) (Un)""";"=""Un""";"464";"128492,771741372";"276,924077028819"
"=""Almox Central""";"=""MPC PR Rodas e Aros""";"=""214108 - RODA 6 FUROS TANDEM (PARAF. 5/8) (Un)""";"=""Un""";"372";"76509,5940689765";"205,670951798324"
"=""Almox Central""";"=""MPC PR Rodas e Aros""";"=""214114 - RODA R15.5 AG 13"""" X 15.5"""" 8 FUROS (Un)""";"=""Un""";"22";"11745,5797317692";"533,889987807692"
"=""Almox Central""";"=""MPC PR Rodas e Aros""";"=""262728 - RODA ARO K 5 X 14"""" - 6 FUROS (Un)""";"=""Un""";"84";"13665,9609751724";"162,690011609195"
"=""Almox Central""";"=""MPC RMRJ Retentores""";"=""284191 - RETENTOR REF 1707 BR (AR-5045) (Un)""";"=""Un""";"289";"885,726405134526";"3,06479724960044"
"=""Almox Central""";"=""MPC RMRJ Retentores""";"=""284210 - RETENTOR REF 1552 BR (AR-5363) (Un)""";"=""Un""";"600";"3056,44963760744";"5,09408272934573"
"=""Almox Central""";"=""MPC RMRJ Retentores""";"=""284245 - RETENTOR REF 00517 BR (AR-5346) (Un)""";"=""Un""";"53";"323,519863984407";"6,10414837706428"
"=""Almox Central""";"=""MPC RMRJ Retentores""";"=""284282 - RETENTOR REF 00793 BA (AR-5006) (Un)""";"=""Un""";"538";"2936,71111758183";"5,45857085052384"
"=""Almox Central""";"=""MPC RMRJ Rolamentos de Cone Capa""";"=""288603 - ROLAMENTO 30206 SPZ/ZWZ/GBR/1ªL (Un)""";"=""Un""";"525";"4026,06382778761";"7,66869300530973"
"=""Almox Central""";"=""MPC RMRJ Rolamentos de Cone Capa""";"=""288986 - ROLAMENTO 30207 SPZ/ZWZ/GBR/1ª L (Un)""";"=""Un""";"500";"3723,49762982574";"7,44699525965147"
"=""Almox Central""";"=""MPC RMRJ Rolamentos de Cone Capa""";"=""289024 - ROLAMENTO 30208 SPZ/ZWZ/GBR/1ª L (Un)""";"=""Un""";"300";"2848,31384388749";"9,49437947962498"
"=""Almox Central""";"=""MPC RMRJ Rolamentos de Cone Capa""";"=""289206 - ROLAMENTO 30210 SPZ/ZWZ/GBR/1ª L (Un)""";"=""Un""";"210";"2585,0469440421";"12,3097473525814"
"=""Almox Central""";"=""MPC RMRJ Rolamentos de Cone Capa""";"=""289220 - ROLAMENTO 33210 SPZ/ZWZ/GBR/1ª L (Un)""";"=""Un""";"21";"493,462824795611";"23,498229752172"
"=""Almox Central""";"=""MPC RMRJ Rolamentos de Cone Capa""";"=""289231 - ROLAMENTO 32207 SPZ/ZWZ/GBR/1ª L (Un)""";"=""Un""";"63";"847,572953934094";"13,4535389513348"
"=""Almox Central""";"=""MPC RMRJ Rolamentos de Esfera""";"=""289218 - ROLAMENTO REF 51104 - 2ª. LINHA (Un)""";"=""Un""";"248";"3874,33430355906";"15,6223157401575"
"=""Almox Central""";"=""MS Adesivos""";"=""350527 - LOCTITE 271 TB. C/ 50 GR. (Un)""";"=""Un""";"8";"1262,13221890909";"157,766527363636"
"=""Almox Central""";"=""MS Eletrodos e Arames MIG""";"=""350102 - ARAME COBREADO MIG 1.2 (ER70S6) (KG)""";"=""KG""";"8646";"60226,2480354265";"6,96579320326469"
"=""Almox Central""";"=""MS Eletrodos e Arames MIG""";"=""350106 - ARAME COBRE MIG 1.2 BARRICA 140KG (KG)""";"=""KG""";"560";"7451,47622761875";"13,3062075493192"
"=""Almox Central""";"=""MS Eletrodos e Arames p Produção""";"=""314018 - ELETRODO 1/8           E  6010 (KG)""";"=""KG""";"20";"524,591667";"26,22958335"
"=""Almox Central""";"=""MS Eletrodos e Arames p Produção""";"=""314626 - ELETRODO 1/8           E  7018 (KG)""";"=""KG""";"63";"1087,66554227692";"17,264532417094"
"=""Almox Central""";"=""MS Oleos Diversos""";"=""350023 - ANTI-RESPINGO DE SOLDA LIQUIDO SPATTER OFF (L)""";"=""L""";"150";"2412,285955";"16,0819063666667"
"=""Almox Central""";"=""MS Oleos Graxas""";"=""802013 - GRAXA LUBRIFICANTE (KG)""";"=""KG""";"126";"3663,05948737219";"29,0719006934301"
"=""Almox Central""";"=""MS Oleos p Corte""";"=""802050 - OLEO SOLUVEL (L)""";"=""L""";"200";"3432,2704544";"17,161352272"
"=""Almox Central""";"=""MS Pregos""";"=""316209 - PREGO DE    1 X15        C/CAB (KG)""";"=""KG""";"1";"3,025511";"3,025511"
"=""Almox Central""";"=""MS Pregos""";"=""316258 - PREGO DE 1.1/2X15        C/CAB (KG)""";"=""KG""";"1";"3,86593";"3,86593"
"=""Almox Central""";"=""MS Pregos""";"=""316301 - PREGO DE 2.1/2X10        C/CAB (KG)""";"=""KG""";"20";"194,726666";"9,7363333"
"=""Almox Central""";"=""MS Pregos""";"=""316313 - PREGO DE 1.1/2X12        C/CAB (KG)""";"=""KG""";"15";"60,005963";"4,00039753333333"
"=""Almox Central""";"=""MS Pregos""";"=""316404 - PREGO DE    2 X10        C/CAB (KG)""";"=""KG""";"10";"101,934999653061";"10,1934999653061"
"=""Almox Central""";"=""MS Pregos""";"=""316405 - PREGO DE    3 X8        C/CAB (KG)""";"=""KG""";"11";"32,408559";"2,94623263636364"
"=""Almox Central""";"=""MS Pregos""";"=""316453 - PREGO DE    2 X12        C/CAB (KG)""";"=""KG""";"5";"53,1775";"10,6355"
"=""Almox Central""";"=""MS Pregos""";"=""316465 - PREGO ARDOX C/ CAB. 2.1/2"""" X 10 (KG)""";"=""KG""";"20";"294,666666";"14,7333333"
"=""Almox Central""";"=""MS Tintas Diversos""";"=""300041 - PRIMER EPOXI 1202 COMP. A+B (L)""";"=""L""";"144";"8084,71905525575";"56,1438823281649"
"=""Almox Central""";"=""MS Tintas Diversos""";"=""318168 - BONDERITE C-IC 3995 (KG)""";"=""KG""";"20";"889,616483486425";"44,4808241743212"
"=""Almox Central""";"=""MS Tintas Diversos""";"=""350253 - MASSA POLIESTER SW - 750 GRAMAS (Un)""";"=""Un""";"1";"31,866316";"31,866316"
"=""Almox Central""";"=""MS Tintas Diversos""";"=""350254 - MASSA PLASTICA C/DILUENTE (Un)""";"=""Un""";"5";"76,709726";"15,3419452"
"=""Almox Central""";"=""MS Tintas Pigmentos""";"=""313131 - ESM. PU ACRILICO LARANJA (L)""";"=""L""";"829,68";"44843,2569313274";"54,0488585133153"
"=""Almox Central""";"=""MS Tintas Pigmentos""";"=""313132 - REDUTOR PARA PU (L)""";"=""L""";"1917";"32057,4826651377";"16,7227348279278"
"=""Almox Central""";"=""MS Tintas Pigmentos""";"=""313133 - ESM. PU ACRILICO VERMELHO (L)""";"=""L""";"723,8";"38365,6946019312";"53,0059334096867"
"=""Almox Central""";"=""MS Tintas Pigmentos""";"=""313134 - ESM. PU ACRILICO AMARELO (L)""";"=""L""";"594,44";"24592,5846614534";"41,3710124847813"
"=""Almox Central""";"=""MS Tintas Pigmentos""";"=""313135 - ESM. PU ACRILICO AZUL (L)""";"=""L""";"900,1";"38905,4241173808";"43,2234464141549"
"=""Almox Central""";"=""MS Tintas Pigmentos""";"=""313136 - ESM. PU ACRILICO VERDE (L)""";"=""L""";"1250,48";"67571,5212983016";"54,0364670352997"
"=""Almox Central""";"=""MS Tintas Pigmentos""";"=""313137 - ESM. PU CINZA OPALESCENTE (L)""";"=""L""";"534,2";"19278,7880228391";"36,0890827833004"
"=""Almox Central""";"=""MS Tintas Pigmentos""";"=""318139 - ESM. SINT. AMARELO VALMET (L)""";"=""L""";"79,2";"2073,53132255384";"26,1809510423465"
"=""Almox Central""";"=""MS Tintas Pigmentos""";"=""318280 - ESM. SINT. CINZA OPALESCENTE (L)""";"=""L""";"140,4";"4096,24589358793";"29,1755405526206"
"=""Almox Central""";"=""MS Tintas Pigmentos""";"=""318346 - ESM. SINT. VERMELHO M.F. (L)""";"=""L""";"108";"3450,96549048372";"31,9533841711456"
"=""Almox Central""";"=""MS Tintas Pigmentos""";"=""318413 - ESM. SINT. LARANJA (L)""";"=""L""";"18";"615,420671189494";"34,1900372883052"
"=""Almox Central""";"=""MS Tintas Pigmentos""";"=""318416 - TINTA PÓ 26 LI LARANJA W RAL 2002 BR (KG)""";"=""KG""";"1200";"47732,9600533617";"39,7774667111348"
"=""Almox Central""";"=""MS Tintas Pigmentos""";"=""318417 - TINTA PÓ 26 R LI CINZA FUMAÇA EMA 022 167 (KG)""";"=""KG""";"775";"20022,7907417903";"25,8358590216649"
"=""Almox Central""";"=""MS Tintas Pigmentos""";"=""318418 - TINTA PÓ 27 W VERMELHA W81400 CÓD. WEG 10005853 (KG)""";"=""KG""";"700";"23685,6143704835";"33,8365919578336"
"=""Almox Central""";"=""MS Tintas Pigmentos""";"=""318419 - TINTA PÓ 26 R LI AZUL CEMAG BR CÓD. WEG CDP 13505 (KG)""";"=""KG""";"200";"6262,33709215585";"31,3116854607793"
"=""Almox Central""";"=""MS Tintas Pigmentos""";"=""318504 - ESM. SINT. VERDE J. DEERE (L)""";"=""L""";"100,8";"3112,27889827326";"30,8757827209649"
"=""Almox Central""";"=""MS Tintas Pigmentos""";"=""318656 - ESM. SINT. AZUL N. HOLLAND (L)""";"=""L""";"86,4";"2581,80537810977";"29,8820066910853"
"=""Almox Central""";"=""MS Tintas Pigmentos""";"=""318723 - TINTA P/SERIGRAFIA SINT. BRANCO (L)""";"=""L""";"23,4";"2433,31111105648";"103,987654318653"
"=""Almox Central""";"=""MS Tintas Solventes""";"=""313210 - CATALISADOR PU 1/1 5058 COMP B (L)""";"=""L""";"1016,08";"67833,399912935";"66,7599007095258"
"=""Almox Central""";"=""MS Tintas Solventes""";"=""350622 - SKYLACK THINNER PU TH700 (L)""";"=""L""";"1781";"28943,8767323273";"16,2514748637436"
"=""Almox Central""";"=""MS Tintas Solventes""";"=""350625 - AGUARRÁS (L)""";"=""L""";"90";"1174,223571";"13,0469285666667"
"=""Almox Central""";"=""MS Tintas Solventes""";"=""350630 - SOLVENTE TX-9 (L)""";"=""L""";"135";"1599,535891";"11,8484140074074"
"=""Almox Central""";"=""MS Tintas Solventes""";"=""350631 - SOLVENTE (TOLUENO) (L)""";"=""L""";"159,97";"1475,49129300002";"9,22354999687457"
"=""Almox Central""";"=""MS Tintas Solventes""";"=""487873 - DETER-SOLV 15 (PARA LIMPEZA DE PEÇAS) (L)""";"=""L""";"1400";"24751,0297505177";"17,6793069646555"
"=""Almox Central""";"=""MS Tintas Vernizes""";"=""326409 - VERNIZ SINTÉTICO - TINGIDO (L)""";"=""L""";"288";"5848,76045433932";"20,3081960220115"
"=""Almox Central""";"=""MS Tintas Vernizes""";"=""326537 - SELADOR P/ MADEIRA - INCOLOR (L)""";"=""L""";"284,4";"7292,684257";"25,6423497081575"
"=""Almox Central""";"=""MUC Custo Industrial""";"=""300022 - LIQUIDO REFRIGERANTE PLASMA HYPERTHERM (HYP028872) (L)""";"=""L""";"168,52";"7369,82583";"43,7326479349632"
"=""Almox Central""";"=""MUC Custo Industrial""";"=""318169 - BONDERITE C-AK L 95 (desengraxante) (KG)""";"=""KG""";"715";"18113,549551554";"25,3336357364392"
"=""Almox Central""";"=""MUC Custo Industrial""";"=""318170 - BONDERITE C-AD B 725 (aditivo) (KG)""";"=""KG""";"100";"3538,8836732507";"35,388836732507"
"=""Almox Central""";"=""MUC Custo Industrial""";"=""318172 - BONDERITE M-AD 700 (auxiliar) (KG)""";"=""KG""";"400";"8174,83354646192";"20,4370838661548"
"=""Almox Central""";"=""MUC Custo Industrial""";"=""318173 - BONDERITE M-FE F212 BO (fosfatizante) (KG)""";"=""KG""";"20";"406,081269";"20,30406345"
"=""Almox Central""";"=""MUC Custo Industrial""";"=""501246 - PVFLOC PAC (COAGULANTE PAC) (KG)""";"=""KG""";"660";"2587,461862";"3,92039676060606"
"=""Almox Central""";"=""MUC Custo Industrial""";"=""501248 - PVLYE NA (KG)""";"=""KG""";"480";"1933,323865";"4,02775805208333"
"=""Almox Central""";"=""MUC Custo Industrial""";"=""533045 - GUIA ESPIRAL 1,2MM 4,5M CÓD.MP804 (Un)""";"=""Un""";"21";"584,104447";"27,8144974761905"
"=""Almox Central""";"=""MUC Custo Industrial""";"=""533046 - GUIA ESPIRAL 1,2MM 5,5M CÓD.MP805 (Un)""";"=""Un""";"14";"487,568525";"34,8263232142857"
"=""Almox Central""";"=""MUC Custo Industrial""";"=""533053 - PORTA BOCAL M08 CÓD.MB406 (Un)""";"=""Un""";"240";"8435,814";"35,149225"
"=""Almox Central""";"=""MUC Custo Industrial""";"=""533204 - GUIA ESPIRAL ACO 1,2MM 3.5M CÓD.MP803 (Un)""";"=""Un""";"22";"382,15909";"17,3708677272727"
"=""Almox Central""";"=""MUC Custo Industrial""";"=""533396 - BICO CONT. 1,2MM M8 CÓD. MA063 (Un)""";"=""Un""";"250";"1669,009801";"6,676039204"
"=""Almox Central""";"=""MUC Custo Industrial""";"=""533653 - BOCAL CONICO 1.6MM CÓD. ME516 (Un)""";"=""Un""";"110";"3417,789167";"31,0708106090909"
"=""Almox Central""";"=""MUC Custo Industrial""";"=""533880 - CAPA PROTETORA (220747) (Un)""";"=""Un""";"6";"2778,0477626926";"463,007960448767"
"=""Almox Central""";"=""MUC Custo Industrial""";"=""533881 - BOCAL (220194) (Un)""";"=""Un""";"8";"399,36";"49,92"
"=""Almox Central""";"=""MUC Custo Industrial""";"=""533883 - BOCAL 80A (HYP220189) (Un)""";"=""Un""";"41";"3161,779354";"77,1165696097561"
"=""Almox Central""";"=""MUC Custo Industrial""";"=""533884 - BOCAL 130A (HYP220183) (Un)""";"=""Un""";"44";"3429,048676";"77,9329244545455"
"=""Almox Central""";"=""MUC Custo Industrial""";"=""533885 - DISTRIBUIDOR DE GÁS (HYP220179) 80A (Un)""";"=""Un""";"20";"3206,93121675";"160,3465608375"
"=""Almox Central""";"=""MUC Custo Industrial""";"=""533886 - TUBO DE ÁGUA (HYP220340) (Un)""";"=""Un""";"10";"1287,61499975";"128,761499975"
"=""Almox Central""";"=""MUC Custo Industrial""";"=""533888 - DISTRIBUIDOR DE GÁS (HYP220180) (Un)""";"=""Un""";"13";"1475,03459";"113,464199230769"
"=""Almox Central""";"=""MUC Custo Industrial""";"=""533890 - CAPA 80A E 130 A (HYP220756) (Un)""";"=""Un""";"8";"8657,8933335";"1082,2366666875"
"=""Almox Central""";"=""MUC Custo Industrial""";"=""533891 - BICO 80A (HYP220188) (Un)""";"=""Un""";"138";"13403,649398";"97,1278941884058"
"=""Almox Central""";"=""MUC Custo Industrial""";"=""533892 - BICO 130A (HYP220182) (Un)""";"=""Un""";"107";"10720,3450313074";"100,190140479508"
"=""Almox Central""";"=""MUC Custo Industrial""";"=""534050 - ELETRODO SILVERPLUS 130A (HYP220665) (Un)""";"=""Un""";"73";"7569,049067";"103,685603657534"
"=""Almox Central""";"=""MUC Custo Industrial""";"=""534091 - ELETRODO 30A (HYP220192) (Un)""";"=""Un""";"4";"234,588";"58,647"
"=""Almox Central""";"=""MUC Custo Industrial""";"=""534116 - BICO 30A (HYP220193) (Un)""";"=""Un""";"3";"215,28";"71,76"
"=""Almox Central""";"=""MUC Custo Industrial""";"=""534144 - ELETRODO SILVERPLUS 80A (HYP420566) (Un)""";"=""Un""";"142";"14375,214773";"101,233906852113"
"=""Almox Central""";"=""MUC Custo Industrial""";"=""534231 - LUFRIFICANTE SILIC BISNAGA 7G HYP027055 (Un)""";"=""Un""";"18";"1438,233123";"79,9018401666667"
"=""Almox Central""";"=""MUC Custo Industrial""";"=""534433 - BICO SIMPLES 1.00 RAYTOOLS CÓD WELLE 8646 (Un)""";"=""Un""";"17";"704,222332";"41,4248430588235"
"=""Almox Central""";"=""MUC Custo Industrial""";"=""534434 - BICO SIMPLES 1.50 RAYTOOLS CÓD WELLE 8659 (Un)""";"=""Un""";"20";"817,766469";"40,88832345"
"=""Almox Central""";"=""MUC Custo Industrial""";"=""534435 - BICO DUPLO 1.2MM ROYTOOLS CÓD WELLE 10165 (Un)""";"=""Un""";"10";"476,800423";"47,6800423"
"=""Almox Central""";"=""MUC Custo Industrial""";"=""534436 - BICO DUPLO 1.5MM ROYTOOLS CÓD WELLE 8652 (Un)""";"=""Un""";"8";"364,416";"45,552"
"=""Almox Central""";"=""MUC Custo Industrial""";"=""534437 - CERAMICA ROYTOOLS CÓD WELLE 8656 (Un)""";"=""Un""";"12";"1869,959782";"155,829981833333"
"=""Almox Central""";"=""MUC Custo Industrial""";"=""534438 - JANELA DE PROTEÇÃO INFERIOR ROYTOOLS CÓD WELLE 8657 (Un)""";"=""Un""";"12";"1117,212";"93,101"
"=""Almox Central""";"=""MUC Custo Industrial""";"=""534447 - BICO SIMPLES 1.20 RAYTOOLS CÓD WELLE 8645 (Un)""";"=""Un""";"17";"748,289";"44,017"
"=""Almox Central""";"=""MUC Custo Industrial""";"=""534448 - JANELA DE PROTEÇÃO SUPERIOR ROYTOOLS CÓD WELLE 8658 (Un)""";"=""Un""";"15";"1401,555";"93,437"
"=""Almox Central""";"=""MUC Custo Industrial""";"=""534459 - BICO DUPLO 2.5MM ROYTOOLS CÓD WELLE 8654 (Un)""";"=""Un""";"26";"1248,612858";"48,0235714615385"
"=""Almox Central""";"=""MUC Custo Industrial""";"=""534460 - BICO DUPLO 3.0MM ROYTOOLS CÓD WELLE 8655 (Un)""";"=""Un""";"16";"728,832";"45,552"
"=""Almox Central""";"=""MUC Custo Industrial""";"=""534461 - BICO DUPLO 3.5MM ROYTOOLS CÓD WELLE 9286 (Un)""";"=""Un""";"9";"434,739886";"48,3044317777778"
"=""Almox Central""";"=""MUC Expediente""";"=""300039 - SUPORTE P/ ARAME MIG (Un)""";"=""Un""";"5";"129,994583";"25,9989166"
"=""Almox Central""";"=""MUC Expediente""";"=""700011 - CAPA P/ CHUVA FORRADA (Un)""";"=""Un""";"8";"197,954";"24,74425"
"=""Almox Central""";"=""MUC Expediente""";"=""700017 - GRAMPEADOR GENMES 5777 (Un)""";"=""Un""";"2";"28";"14"
"=""Almox Central""";"=""MUC Expediente""";"=""700018 - ALMOFADA PILOTO Nº3 AZUL (Un)""";"=""Un""";"5";"76";"15,2"
"=""Almox Central""";"=""MUC Expediente""";"=""700025 - MOUSE USB (Un)""";"=""Un""";"4";"49,646868";"12,411717"
"=""Almox Central""";"=""MUC Expediente""";"=""700043 - VASELINA PASTOSA (KG)""";"=""KG""";"5";"142,025";"28,405"
"=""Almox Central""";"=""MUC Expediente""";"=""700058 - PRANCHETA EUCATEX (Un)""";"=""Un""";"9";"45,36";"5,04"
"=""Almox Central""";"=""MUC Expediente""";"=""700091 - CANETA OFFICE PEN 2.0 (Un)""";"=""Un""";"29";"91,634416";"3,15980744827586"
"=""Almox Central""";"=""MUC Expediente""";"=""700138 - CALCULADORA 12 DIG. DE MESA (Un)""";"=""Un""";"2";"54,6";"27,3"
"=""Almox Central""";"=""MUC Expediente""";"=""700214 - PORTA PAPEL HIGIENICO P/ RL 400MT (Un)""";"=""Un""";"3";"134,329083";"44,776361"
"=""Almox Central""";"=""MUC Expediente""";"=""700258 - PÁ PARA LIXO CABO LONGO PLASTICO (Un)""";"=""Un""";"5";"18";"3,6"
"=""Almox Central""";"=""MUC Expediente""";"=""700263 - RODO PLASTICO 40CM (Un)""";"=""Un""";"7";"41,348364";"5,90690914285714"
"=""Almox Central""";"=""MUC Expediente""";"=""700386 - TESOURA 21CM (Un)""";"=""Un""";"2";"4,16";"2,08"
"=""Almox Central""";"=""MUC Expediente""";"=""700400 - BOBINA DE PAPEL 57 X 300 TERMICA 55G NEUTRA AMARELA (Un)""";"=""Un""";"31";"897,921246";"28,965201483871"
"=""Almox Central""";"=""MUC Expediente""";"=""700447 - RADIO WALK TALK COMUNICADOR (Un)""";"=""Un""";"12";"575,934";"47,9945"
"=""Almox Central""";"=""MUC Expediente""";"=""701010 - PULVERIZADOR MULTIUSO 500ML (Un)""";"=""Un""";"28";"331,52";"11,84"
"=""Almox Central""";"=""MUC Expediente""";"=""701935 - MARCADOR ESFEROGRÁFICO DE 2mm. (Un)""";"=""Un""";"76";"1090,806436";"14,3527162631579"
"=""Almox Central""";"=""MUC Expediente""";"=""708006 - CX GIZ BRANCO C/ 64 UNIDS (Un)""";"=""Un""";"5";"18,75";"3,75"
"=""Almox Central""";"=""MUC Expediente""";"=""708021 - PASTA SUSPENSA (Un)""";"=""Un""";"25";"70";"2,8"
"=""Almox Central""";"=""MUC Expediente""";"=""709041 - BLOCO NOTEFIX 38 X 50 C/ 100FLS C/ 4UNDS (Un)""";"=""Un""";"1";"6,320048";"6,320048"
"=""Almox Central""";"=""MUC Expediente""";"=""712000 - CX CLIPS No. 4/0 C/ 50 UNIDS (Un)""";"=""Un""";"6";"12,83";"2,13833333333333"
"=""Almox Central""";"=""MUC Expediente""";"=""712001 - CX CLIPS No. 6/0 50 UNIDS (Un)""";"=""Un""";"8";"38";"4,75"
"=""Almox Central""";"=""MUC Expediente""";"=""712020 - CX CLIPS No. 3/0 C/ 50 UNIDS (Un)""";"=""Un""";"1";"3,5";"3,5"
"=""Almox Central""";"=""MUC Expediente""";"=""712024 - CORRETIVO (Un)""";"=""Un""";"8";"18,8";"2,35"
"=""Almox Central""";"=""MUC Expediente""";"=""712048 - CX GRAMPO 26/6 C/5000 (Un)""";"=""Un""";"3";"17,552966";"5,85098866666667"
"=""Almox Central""";"=""MUC Expediente""";"=""712049 - EXTRATOR DE GRAMPOS (Un)""";"=""Un""";"1";"3,188757";"3,188757"
"=""Almox Central""";"=""MUC Expediente""";"=""712073 - CX LIGA ELASTICA N° 18 C/ 55 UNIDS (Un)""";"=""Un""";"6";"38,16";"6,36"
"=""Almox Central""";"=""MUC Expediente""";"=""712085 - CAIXA P/ ARQUIVO MORTO (Un)""";"=""Un""";"24";"38,4";"1,6"
"=""Almox Central""";"=""MUC Expediente""";"=""712097 - CX CLIPS No. 8/0 C/ 25 UNIDS (Un)""";"=""Un""";"8";"35,92";"4,49"
"=""Almox Central""";"=""MUC Expediente""";"=""712103 - CX CLIPS No. 2/0 C/ 100 UNIDS (Un)""";"=""Un""";"1";"3,327557";"3,327557"
"=""Almox Central""";"=""MUC Expediente""";"=""712115 - CX CLIPS No. 1/0 C/ 100 UNIDS (Un)""";"=""Un""";"2";"6,525";"3,2625"
"=""Almox Central""";"=""MUC Expediente""";"=""712309 - CANETA MARCA TEXTO (Un)""";"=""Un""";"72";"111,739352";"1,55193544444444"
"=""Almox Central""";"=""MUC Expediente""";"=""712322 - CANETA ESCRITA GROSSA (Un)""";"=""Un""";"41";"32,124732308642";"0,783530056308341"
"=""Almox Central""";"=""MUC Expediente""";"=""712360 - CADERNO COMUM (Un)""";"=""Un""";"3";"25,791254";"8,59708466666666"
"=""Almox Central""";"=""MUC Expediente""";"=""712607 - BOBINA 57 X 65 (Un)""";"=""Un""";"8";"15,92";"1,99"
"=""Almox Central""";"=""MUC Expediente""";"=""716030 - PAPEL OFICIO A-4 C/ 500 FOLHAS (Un)""";"=""Un""";"41";"822,224163";"20,0542478780488"
"=""Almox Central""";"=""MUC Expediente""";"=""716032 - PAPEL A4 ETIQUETA A4375 C/ 100FL 32,83MM X 104,5MM (Un)""";"=""Un""";"6";"319,8";"53,3"
"=""Almox Central""";"=""MUC Expediente""";"=""717083 - VASSOURÃO GARY PIAÇAVA (Un)""";"=""Un""";"4";"37,938462";"9,4846155"
"=""Almox Central""";"=""MUC Expediente""";"=""717095 - PINCEL ATOMICO (Un)""";"=""Un""";"11";"29,702245";"2,70020409090909"
"=""Almox Central""";"=""MUC Expediente""";"=""717096 - PINCEL PILOTO QUADRO BRANCO (Un)""";"=""Un""";"62";"514,095889";"8,29186917741936"
"=""Almox Central""";"=""MUC Expediente""";"=""717101 - COPO PLÁSTICO DE 200ML. (Un)""";"=""Un""";"22699";"801,023888";"0,0352889505264549"
"=""Almox Central""";"=""MUC Expediente""";"=""717113 - PAPEL HIGIENICO PERFUMADO (Un)""";"=""Un""";"132";"108,72179075";"0,823649929924242"
"=""Almox Central""";"=""MUC Limpeza""";"=""700015 - PANO DE CHÃO ALVEJADO (Un)""";"=""Un""";"8";"10,3175";"1,2896875"
"=""Almox Central""";"=""MUC Limpeza""";"=""700207 - SACO PARA LIXO COM 20LTS (Un)""";"=""Un""";"100";"7,6";"0,076"
"=""Almox Central""";"=""MUC Limpeza""";"=""700208 - SACO PARA LIXO COM 40LTS (Un)""";"=""Un""";"400";"41,50909";"0,103772725"
"=""Almox Central""";"=""MUC Limpeza""";"=""700276 - SACO PARA LIXO COM 100LTS (Un)""";"=""Un""";"300";"34,8";"0,116"
"=""Almox Central""";"=""MUC Limpeza""";"=""700316 - VEJA MULTI USO 500ML (Un)""";"=""Un""";"5";"20,399515";"4,079903"
"=""Almox Central""";"=""MUC Limpeza""";"=""700332 - MOP PO REFIL 40X12 (Un)""";"=""Un""";"4";"87,4";"21,85"
"=""Almox Central""";"=""MUC Limpeza""";"=""701018 - ESPONJA DUPLA FACE 60X1 (Un)""";"=""Un""";"28";"20,745775";"0,740920535714286"
"=""Almox Central""";"=""MUC Limpeza""";"=""702029 - LUVA MIC 2 EM 1 - 28X18,5 CM (Un)""";"=""Un""";"15";"545,885714";"36,3923809333333"
"=""Almox Central""";"=""MUC Limpeza""";"=""703040 - TRINCHA - TIGRE 572 - 1"""" (Un)""";"=""Un""";"11";"33,023913";"3,00217390909091"
"=""Almox Central""";"=""MUC Limpeza""";"=""703041 - TRINCHA - TIGRE 572 - 1.1/2"""" (Un)""";"=""Un""";"2";"7,38";"3,69"
"=""Almox Central""";"=""MUC Limpeza""";"=""703059 - TRINCHA - TIGRE 572 - 3"""" (Un)""";"=""Un""";"19";"174,8";"9,2"
"=""Almox Central""";"=""MUC Limpeza""";"=""703061 - TRAPO COSTURADO (KG)""";"=""KG""";"750";"2669,631185";"3,55950824666667"
"=""Almox Central""";"=""MUC Limpeza""";"=""717012 - PAPEL HIGIÊNICO C/ 300M (Un)""";"=""Un""";"40";"120,9";"3,0225"
"=""Almox Central""";"=""MUC Limpeza""";"=""717017 - PAPEL TOALHA BRANCO C/2400 F. (Un)""";"=""Un""";"16";"290,832368";"18,177023"
"=""Almox Central""";"=""MUC Limpeza""";"=""717022 - VASSOURA DE NYLON Nº 5 (Un)""";"=""Un""";"11";"72,05";"6,55"
"=""Almox Central""";"=""MUC Limpeza""";"=""717024 - POLIDOR DE ALUMINIO LIMPA FACIL 500ml (Un)""";"=""Un""";"12";"22,25";"1,85416666666667"
"=""Almox Central""";"=""MUC Limpeza""";"=""717034 - SABÃO EM PÓ (KG)""";"=""KG""";"15";"61,640034";"4,1093356"
"=""Almox Central""";"=""MUC Limpeza""";"=""717060 - VASSOURINHA DE PIACAVA (Un)""";"=""Un""";"10";"39,5";"3,95"
"=""Almox Central""";"=""MUC Limpeza""";"=""760002 - ÁGUA SANITÁRIA (L)""";"=""L""";"5";"5,48710000000001";"1,09742"
"=""Almox Central""";"=""MUC Limpeza""";"=""760006 - DESINFETANTE PERFUMADO (L)""";"=""L""";"20";"21,204";"1,0602"
"=""Almox Central""";"=""MUC Limpeza""";"=""760010 - DETERGENTE LÍQUIDO PERFUMADO (L)""";"=""L""";"50";"105";"2,1"
"=""Almox Central""";"=""MUC Proteção e Segurança""";"=""700130 - TOUCA ESPECIAL P/ SOLDADOR (Un)""";"=""Un""";"25";"149,317614";"5,97270456"
"=""Almox Central""";"=""MUC Proteção e Segurança""";"=""700178 - ROUPA / MACACÃO DE PROTEÇÃO (Un)""";"=""Un""";"13";"176,6012347485";"13,5847103652692"
"=""Almox Central""";"=""MUC Proteção e Segurança""";"=""700271 - CREME DE PROTEÇÃO PARA PELE (Un)""";"=""Un""";"4";"708,757";"177,18925"
"=""Almox Central""";"=""MUC Proteção e Segurança""";"=""700275 - CARTUCHO AIR SAFETY 514940 - 3820 A1B1P2 (VO + GA + POEIRA) (Un)""";"=""Un""";"3";"89,21625";"29,73875"
"=""Almox Central""";"=""MUC Proteção e Segurança""";"=""701039 - BOTAS VAQUETA C/ BIQUEIRA AÇO/COMPOSITE (Un)""";"=""Un""";"238";"18022,6936488355";"75,7256035665358"
"=""Almox Central""";"=""MUC Proteção e Segurança""";"=""701042 - PALMILHA EVA AIR C/ GEL (Un)""";"=""Un""";"62";"944,925316";"15,2407309032258"
"=""Almox Central""";"=""MUC Proteção e Segurança""";"=""701117 - FILTRO MEC. P/RESP.  P-1  (DE LÃ) (Un)""";"=""Un""";"81";"180,092699";"2,22336665432099"
"=""Almox Central""";"=""MUC Proteção e Segurança""";"=""701404 - CALÇA CEDROPAC 2 C/ ELÁSTICO CINZA (Un)""";"=""Un""";"100";"6389,7";"63,897"
"=""Almox Central""";"=""MUC Proteção e Segurança""";"=""702006 - AVENTAL DE COURO SIMPLES (Un)""";"=""Un""";"46";"1335,84";"29,04"
"=""Almox Central""";"=""MUC Proteção e Segurança""";"=""702008 - AVENTAL DE COURO C/ MANGAS (Un)""";"=""Un""";"18";"1175,870057";"65,3261142777778"
"=""Almox Central""";"=""MUC Proteção e Segurança""";"=""702017 - LUVA DE VAQUETA C.CURTO (Un)""";"=""Un""";"1";"14,5282152427";"14,5282152427"
"=""Almox Central""";"=""MUC Proteção e Segurança""";"=""702018 - LUVA CANO LONGO (Un)""";"=""Un""";"113";"1317,364783";"11,6580954247788"
"=""Almox Central""";"=""MUC Proteção e Segurança""";"=""702019 - LUVA CANO LONGO ACOCHOADA (Un)""";"=""Un""";"35";"1799,0040290729";"51,4001151163686"
"=""Almox Central""";"=""MUC Proteção e Segurança""";"=""702020 - LUVA CANO CURTO (Un)""";"=""Un""";"40";"363";"9,075"
"=""Almox Central""";"=""MUC Proteção e Segurança""";"=""702025 - LUVA TRICOTADA DE ALGODÃO (Un)""";"=""Un""";"336";"609,840000396073";"1,81500000117879"
"=""Almox Central""";"=""MUC Proteção e Segurança""";"=""702028 - LUVA LATEX NITRILON (Un)""";"=""Un""";"81";"551,3017089275";"6,80619393737654"
"=""Almox Central""";"=""MUC Proteção e Segurança""";"=""702032 - LUVA PVC C/LONGO FORRADA (Un)""";"=""Un""";"49";"807,06192861223";"16,4706516043312"
"=""Almox Central""";"=""MUC Proteção e Segurança""";"=""702043 - MASC. C/ VIS. MOVEL-SOLDADOR (Un)""";"=""Un""";"5";"217,8";"43,56"
"=""Almox Central""";"=""MUC Proteção e Segurança""";"=""702045 - PRE-FILTRO PF-5 P/RESP. CG-303 (Un)""";"=""Un""";"1691";"471,580387334919";"0,278876633551105"
"=""Almox Central""";"=""MUC Proteção e Segurança""";"=""702057 - RESP. DESC. PFF2 (Un)""";"=""Un""";"403";"402,288842388693";"0,99823534091487"
"=""Almox Central""";"=""MUC Proteção e Segurança""";"=""702058 - FILTRO P/POEIRA/NEVOA/GAS/VAPOR 2078 (Un)""";"=""Un""";"218";"6006,227";"27,5515"
"=""Almox Central""";"=""MUC Proteção e Segurança""";"=""702061 - CARTUCHO VAP ORG/GASES ACIDOS BR 6003 - 3M (Un)""";"=""Un""";"36";"1079,99732";"29,9999255555556"
"=""Almox Central""";"=""MUC Proteção e Segurança""";"=""702062 - RETENTOR 5N11 (Un)""";"=""Un""";"74";"491,395889";"6,64048498648649"
"=""Almox Central""";"=""MUC Proteção e Segurança""";"=""702063 - FILTRO P/ PARTICULAS 5N11 P 6000/7500 (Un)""";"=""Un""";"30";"199,286591";"6,64288636666667"
"=""Almox Central""";"=""MUC Proteção e Segurança""";"=""702067 - PROTETOR FACIAL 8"""" INCOLOR (Un)""";"=""Un""";"13";"223,086118";"17,1604706153846"
"=""Almox Central""";"=""MUC Proteção e Segurança""";"=""702068 - RESPIRADOR SEMI FACIAL 7500/7502 MED CA12011 3M (Un)""";"=""Un""";"12";"2222,4825";"185,206875"
"=""Almox Central""";"=""MUC Proteção e Segurança""";"=""702069 - TIRANTE FIXO P/ RESP. 7500 CÓD. 7581 3M (Un)""";"=""Un""";"12";"818,130258";"68,1775215"
"=""Almox Central""";"=""MUC Proteção e Segurança""";"=""702075 - OCULOS AMPLA VISÃO KALIPSO (Un)""";"=""Un""";"2";"86,043333";"43,0216665"
"=""Almox Central""";"=""MUC Proteção e Segurança""";"=""702077 - OCULOS  P/ TORNEIRO LENTE VERDE (Un)""";"=""Un""";"28";"117,332832";"4,19045828571429"
"=""Almox Central""";"=""MUC Proteção e Segurança""";"=""702078 - OCULOS VISION 3000 INCOLOR (Un)""";"=""Un""";"14";"74,528427";"5,32345907142857"
"=""Almox Central""";"=""MUC Proteção e Segurança""";"=""702080 - PERNEIRA P/SOLDADOR (Un)""";"=""Un""";"54";"1225,106152";"22,687150962963"
"=""Almox Central""";"=""MUC Proteção e Segurança""";"=""702081 - CARNEIRA C/CATRACA P/MASCARA CC (Un)""";"=""Un""";"19";"236,494115";"12,4470586842105"
"=""Almox Central""";"=""MUC Proteção e Segurança""";"=""702088 - MÁSCARA CIRÚRGICA DESCARTÁVEL (Un)""";"=""Un""";"215";"35,1181";"0,16334"
"=""Almox Central""";"=""MUC Proteção e Segurança""";"=""702092 - LENTE ESCURA N 10 (Un)""";"=""Un""";"100";"144,589723";"1,44589723"
"=""Almox Central""";"=""MUC Proteção e Segurança""";"=""702093 - LENTE ESCURA N 12 (Un)""";"=""Un""";"328";"577,804716";"1,76159974390244"
"=""Almox Central""";"=""MUC Proteção e Segurança""";"=""702109 - LENTE BRANCA RETANGULAR (Un)""";"=""Un""";"1148";"907,697486";"0,79067725261324"
"=""Almox Central""";"=""MUC Proteção e Segurança""";"=""702110 - MANGOTE P/SOLDADOR (Un)""";"=""Un""";"51";"1157,050562";"22,6872659215686"
"=""Almox Central""";"=""MUC Proteção e Segurança""";"=""702111 - MANGOTE DE TECIDO C/ ELASTICO NOS PUNHOS (Un)""";"=""Un""";"21";"166,633977";"7,93495128571428"
"=""Almox Central""";"=""MUC Proteção e Segurança""";"=""702122 - PROTETOR AURICULAR (Un)""";"=""Un""";"146";"388,278412";"2,65944117808219"
"=""Almox Central""";"=""MUC Proteção e Segurança""";"=""702124 - PROTETOR AURICULAR DESC ESPONJOSO (Un)""";"=""Un""";"316";"229,020257";"0,724747648734177"
"=""Almox Central""";"=""MUC Proteção e Segurança""";"=""702134 - OCULOS SOBREPOR INCOLOR (Un)""";"=""Un""";"16";"132,424";"8,2765"
"=""Almox Central""";"=""MUC Proteção e Segurança""";"=""702146 - PROTETOR AURICULAR TIPO CONCHA (Un)""";"=""Un""";"4";"123,50425";"30,8760625"
"=""Almox Central""";"=""MUC Proteção e Segurança""";"=""702147 - KIT ALMOFADA E ESPUMA INTERNA P/ ABAFADOR MUPLER CÓD.350010230098 (Un)""";"=""Un""";"7";"162,337725";"23,1911035714286"
"=""Almox Central""";"=""MUC Refeições""";"=""704010 - AÇÚCAR P/ COPA (KG)""";"=""KG""";"17";"76,5";"4,5"
"=""Almox Central""";"=""MUC Refeições""";"=""704011 - CAFÉ P/ COPA (Un)""";"=""Un""";"65";"611,501176";"9,4077104"
