"=""Recurso""";"=""Unid.""";"=""Média""";"=""CMA""";"=""Simulado""";"=""Qtd.Est.""";"=""Ped.Pend.""";"=""Saldo""";"=""Cust.Unit.""";"=""TRP""";"=""DEE"""
"=""112826 - ACO TREFILADO SEXT TREF 1.1/2""""  1045""";"=""KG""";"0";"0";"1";"0";"0";"-1";"40";;"0"
"=""199776 - BARRA CHATA ACO 4 X 2""""""";"=""KG""";"0";"0";"1";"0,001";"0";"-0,999";"129,37";;"0"
"=""200020 - CAPA DE PRENSAGEM 5/8"""" AÇO""";"=""Un""";"0";"0";"1";"0";"0";"-1";"8,13";;"0"
"=""213408 - CAIXA DE PASSAGEM""";"=""Un""";"0";"0";"1";"0";"0";"-1";"27,65";;"0"
"=""240695 - TERM FEMEA JIC 5/8"""" X 7/8""""""";"=""Un""";"0";"0";"1";"0";"0";"-1";"10,04";;"0"
"=""300045 - COLA FORMICA""";"=""Un""";"0";"0";"1";"0";"0";"-1";"25,88";;"0"
"=""300071 - ENDURECEDOR P/ EPOXI SH WILLIAMS COMP B""";"=""L""";"0";"0";"1";"0,9";"0";"-0,1";"38,78";;"0"
"=""313109 - GRAXA ESPECIAL SINTAPLEX HS 2""";"=""KG""";"0";"0";"1";"0";"0";"-1";"370";;"0"
"=""313211 - FITA CREPE 36x50 P/PINTURA""";"=""Un""";"0";"0";"1";"0";"0";"-1";"13,3333";;"0"
"=""313234 - CATALIZ. P/ RESINA 0,60ML""";"=""Un""";"0";"0";"1";"0";"0";"-1";"2,8";;"0"
"=""316453 - PREGO DE    2 X12        C/CAB""";"=""KG""";"3,33333333333333";"0";"1";"0";"0";"-1";"20,22";;"0"
"=""326525 - SELADOR P/ MADEIRA - TINGIDO""";"=""L""";"0";"0";"1";"0";"0";"-1";"2";;"0"
"=""350073 - OLEO HIDRAULICO 68""";"=""L""";"0";"0";"1";"0";"0";"-1";"16,5929";;"0"
"=""350075 - ADITIVO DE RADIADOR CONCENTRADO SAE J1034""";"=""L""";"0";"0";"1";"0";"0";"-1";"12,82";;"0"
"=""500046 - FILTRO DE ÓLEO REF. 61199696""";"=""Un""";"0";"0";"1";"0";"0";"-1";"690,16";;"0"
"=""500114 - PARAF. ALLEN CC 12X50MA""";"=""Un""";"0";"0";"1";"0";"0";"-1";"3,86";;"0"
"=""500361 - VALVULA ESFERA 1/2"""" P/ GÁS""";"=""Un""";"0";"0";"1";"0";"0";"-1";"32,25";;"0"
"=""500847 - PARAF. ALLEN C.CAB M8 X 60MM""";"=""Un""";"0";"0";"1";"0";"0";"-1";"1,0025";;"0"
"=""500871 - JOGO DE ESCOVAS 220V F000611090""";"=""Un""";"0";"0";"1";"0";"0";"-1";"36,25";;"0"
"=""501061 - ROLAMENTO 6001 12x12x8MM""";"=""Un""";"0";"0";"1";"0";"0";"-1";"5,7";;"0"
"=""501065 - ROLAMENTO 6201 2Z 12X32X10MM""";"=""Un""";"0";"0";"1";"0";"0";"-1";"14,77";;"0"
"=""501147 - ROLAMENTO 6309 Z 1ªL""";"=""Un""";"0";"0";"1";"0";"0";"-1";"146";;"0"
"=""501148 - ROLAMENTO 6209 Z 1ªL""";"=""Un""";"0";"0";"1";"0";"0";"-1";"89";;"0"
"=""501226 - PISTOLA BICO AR P/ LIMPEZA""";"=""Un""";"0";"0";"1";"0";"0";"-1";"38";;"0"
"=""501258 - BICO VENTURI S/CAPA COND. BOMBA PÓ PI-P1 0241225 WAGNER CÓD. 15.967-3""";"=""Un""";"2,66666666666667";"0";"1";"0";"0";"-1";"46,74";;"0"
"=""501269 - ROLAMENTO 6000 ZZ""";"=""Un""";"0";"0";"1";"0";"0";"-1";"13,2";;"0"
"=""501275 - VALVULA ESFERA 3/4"""" P/ GÁS""";"=""Un""";"0";"0";"1";"0";"0";"-1";"30,7";;"0"
"=""501362 - EURO CONECTOR SMW 187/187M/257 0906520/741342""";"=""Un""";"0";"0";"1";"0";"0";"-1";"270,46";;"0"
"=""501390 - CONJ. PEÇAS P/ TOCHA DE SOLDA""";"=""Un""";"0,333333333333333";"0";"1";"0";"0";"-1";"1240,76";;"0"
"=""501391 - PARAF SEXT 1 X 4 UNC""";"=""Un""";"0";"0";"1";"0";"0";"-1";"13,7";;"0"
"=""501392 - ARRUELA LISA GALV 1""""""";"=""Un""";"0";"0";"1";"0";"0";"-1";"1,42";;"0"
"=""501393 - ESTAÇÃO DE SOLDA DIGITAL CONJUGADA""";"=""Un""";"0";"0";"1";"0";"0";"-1";"1150";;"0"
"=""501485 - ROLAMENTO 6204EE NTN""";"=""Un""";"0";"0";"1";"0";"0";"-1";"23,4";;"0"
"=""501495 - ROLAMENTO 6005 ZZ""";"=""Un""";"0";"0";"1";"0";"0";"-1";"9,5";;"0"
"=""501695 - CORTINA DE SOLDA 1,15 X 1,77""";"=""Un""";"0";"0";"1";"0";"0";"-1";"380";;"0"
"=""501896 - MANGUEIRA HIDR R1 3/8""""""";"=""Un""";"0";"0";"1";"0";"0";"-1";"913,46";;"0"
"=""501952 - MANG AP KARCHER""";"=""M""";"0";"0";"1";"0";"0";"-1";"63,7215";;"0"
"=""501965 - CONJ. PEÇAS P/ MÁQUINA DE SOLDA""";"=""Un""";"1";"0";"1";"0";"0";"-1";"1500";;"0"
"=""502157 - DEFLETOR INTERNO DO INSERTO PEM X12320488-WAGNER CÓD. 69.985-0""";"=""Un""";"0";"0";"1";"0";"0";"-1";"11,93";;"0"
"=""504290 - CONVERSOR FREQ. CFW100040S2024PSZ C/10413799""";"=""Un""";"0,666666666666667";"0";"1";"0";"0";"-1";"1110,62";;"0"
"=""504309 - ELEMENTO FILTRANTE AP 200 COD. 0290132""";"=""Un""";"0";"0";"1";"0";"0";"-1";"49";;"0"
"=""504387 - DENTE CORRENTE 61PMM3 MS P/170-180-192 STILHL 36100001640-820D""";"=""Un""";"9,66666666666667";"0";"1";"0";"0";"-1";"98,75";;"0"
"=""504455 - CONEXÃO C/ ANEL 1/4"""" P/ MANG. 5/16"""" REF. ARC-120/14516""";"=""Un""";"0";"0";"1";"0";"0";"-1";"54,42";;"0"
"=""504456 - CONEXÃO C/ ANEL 3/8"""" P/ MANG. 3/8"""" REF. ARC-120/3838""";"=""Un""";"0";"0";"1";"0";"0";"-1";"64,52";;"0"
"=""504564 - BOTOEIRA IND. XAC - A2713 - 2B + EMERGÊNCIA COD. CCA5667""";"=""Un""";"1,33333333333333";"0";"1";"0";"0";"-1";"182,58";;"0"
"=""504594 - FILTRO BRANCO 100 MESH (=FM27100) CÓD. T500.00A""";"=""Un""";"1";"0";"1";"0";"0";"-1";"518";;"0"
"=""504606 - ANEL ELASTICO I 32""";"=""Un""";"0";"0";"1";"0";"0";"-1";"4";;"0"
"=""504679 - ENCODER SP 2500""";"=""Un""";"0";"0";"1";"0";"0";"-1";"2369,16";;"0"
"=""504680 - ELEMENTO PRIMARIO FILTRO DE AR 4020/4025/4030/4040""";"=""Un""";"0,333333333333333";"0";"1";"0";"0";"-1";"196,2";;"0"
"=""504771 - ABRAÇADEIRA GALVANIZADA 9MM 1/2 - 3/4""";"=""Un""";"0";"0";"1";"0";"0";"-1";"450";;"0"
"=""504871 - ELEMENTO FILTRO AR COALESCENTE CÓD. 702990 P/ COMPRESSOR SRP 4040 SÉRIE 31954.""";"=""Un""";"0,333333333333333";"0";"1";"0";"0";"-1";"1546,55";;"0"
"=""504872 - CONECTOR FEMEA TUBO X ROSCA 1/4"""" X 1/4"""" REF. ARC-4005/1414""";"=""Un""";"0";"0";"1";"0";"0";"-1";"14,79";;"0"
"=""504875 - ENGATE RÁPIDO C/ ROSCA FÊMEA 1/4"""" REF. ARC-ER-767-F-1/4""";"=""Un""";"5";"0";"1";"0";"0";"-1";"16,19";;"0"
"=""504878 - PISTOLA ALTO RENDIMENTO LVLP""";"=""Un""";"0";"0";"1";"0";"0";"-1";"1795";;"0"
"=""504879 - CAPA DE AR""";"=""Un""";"0";"0";"1";"0";"0";"-1";"470";;"0"
"=""504880 - KIT BICO AGULHA""";"=""Un""";"0";"0";"1";"0";"0";"-1";"465";;"0"
"=""504881 - GRAXA SINTÉTICA P/ ALTAS ROTAÇÕES, SAPPHIRE HI-SPEED""";"=""KG""";"0";"0";"1";"0";"0";"-1";"740";;"0"
"=""504894 - MOLA MC 801116""";"=""Un""";"0";"0";"1";"0";"0";"-1";"110";;"0"
"=""504895 - MOLA MC 804017""";"=""Un""";"0";"0";"1";"0";"0";"-1";"140";;"0"
"=""504981 - CONJ REPARO VALVULA DE ADMISSAO E COMPRESSAO AR DE 2"""" C/ 2PÇS""";"=""Un""";"0";"0";"1";"0";"0";"-1";"183,31";;"0"
"=""504982 - REPARO DA VALVULA DE ADMISSÃO 2""""""";"=""Un""";"0,333333333333333";"0";"1";"0";"0";"-1";"645,99";;"0"
"=""504984 - MOTOSERRA GASOL 210 35CM STIHL""";"=""Un""";"0";"0";"1";"0";"0";"-1";"1839,88";;"0"
"=""507120 - OLEO DESENGRIPANTE SPRAY (M1/ WD-40) 300ML""";"=""Un""";"0";"0";"1";"0";"0";"-1";"34,43";;"0"
"=""507124 - OLEO DESENGRIPANTE SPRAY (M1/ WD-40) 500ML""";"=""Un""";"13,6666666666667";"9";"1";"0";"0";"-1";"36,8";;"0"
"=""507132 - OLEO MINERAL P COMPRES PARAF""";"=""L""";"0";"0";"1";"0";"0";"-1";"166,23";;"0"
"=""507500 - OLEO LUBSCHULZ 8000 HRS""";"=""L""";"0";"0";"1";"0";"0";"-1";"277,9175";;"0"
"=""508963 - OLEO 220 MANCAL""";"=""L""";"0";"0";"1";"0";"0";"-1";"22,219";;"0"
"=""509018 - LUBRIFICANTE SILICONE SPRAY 230 GS""";"=""Un""";"3,33333333333333";"0";"1";"0";"0";"-1";"36,9";;"0"
"=""509037 - INDUZIDO 220V F000605225 CÓD.48302""";"=""Un""";"0";"0";"1";"0";"0";"-1";"289,9";;"0"
"=""509145 - PARAF ALLEN C/CHATA 8MM X 20MM""";"=""Un""";"0";"0";"1";"0";"0";"-1";"0,55";;"0"
"=""509324 - REGULADOR DE PRESSÃO OXIGENIO R82 METAL GAS""";"=""Un""";"0";"0";"1";"0";"0";"-1";"320";;"0"
"=""509479 - MANG. BORRACHA P/ TINTA E SOLVENTE 3/8"""" REF.: ARC-MBTD""";"=""M""";"0";"0";"1";"0";"0";"-1";"47,25";;"0"
"=""509506 - LINGA QUÁDRUPLA SR4""";"=""Un""";"1";"0";"1";"0";"0";"-1";"324,24";;"0"
"=""509507 - CORRENTE 8MM X 2300MM P/ LINGA QUÁDRUPLA SR4""";"=""Un""";"1";"0";"1";"0";"0";"-1";"523,39";;"0"
"=""509508 - MANGUEIRA HIDRAULICA ALTA TEMPERATURA 5/8"""" X 650MM~670MM C/ TERMINAIS""";"=""Un""";"0";"0";"1";"0";"0";"-1";"116,86";;"0"
"=""509509 - MANGUEIRA HIDRAULICA ALTA TEMPERATURA 1"""" X 410MM~690MM C/ TERMINAIS""";"=""Un""";"0";"0";"1";"0";"0";"-1";"373,66";;"0"
"=""509510 - MANGUEIRA HIDRAULICA ALTA TEMPERATURA 1/2"""" X 1000MM C/ TERMINAIS""";"=""Un""";"0";"0";"1";"0";"0";"-1";"130,28";;"0"
"=""509514 - ARRUELA 340 X 380 X 13 PSA-108 NBR""";"=""Un""";"0";"0";"1";"0";"0";"-1";"570";;"0"
"=""509595 - GRAXA LUB NSK LÍTIO""";"=""KG""";"0";"0";"1";"0";"0";"-1";"76,945";;"0"
"=""512327 - CHAVETA EM AÇO TREF. 1045 8X8X500MM""";"=""Un""";"0";"0";"1";"0";"0";"-1";"41";;"0"
"=""512328 - CHAVETA EM AÇO TREF. 1045 10X10X500MM""";"=""Un""";"0";"0";"1";"0";"0";"-1";"56";;"0"
"=""515458 - VALVULA SOLENOIDE 2 VIAS ROSCA 1/4"""" 24V""";"=""Un""";"0";"0";"1";"0";"0";"-1";"510,88";;"0"
"=""533082 - CB FLEX 1KV 04X002,5MM PT""";"=""M""";"0";"0";"1";"0";"0";"-1";"9,3";;"0"
"=""533095 - CB FLEX 1KV 04X004,00MM PT""";"=""Mt""";"0";"0";"1";"0";"0";"-1";"14,15";;"0"
"=""533136 - ABRACADEIRA NYLON 300MM X 4,06MM""";"=""Un""";"0";"0";"1";"0";"0";"-1";"0,22";;"0"
"=""533197 - CHAVE COMBINADA 3/4""""""";"=""Un""";"0,666666666666667";"0";"1";"0";"0";"-1";"28,34";;"0"
"=""533237 - ABRAC. NYLON 0150MMX3.60MM NT T030R""";"=""Un""";"0";"0";"1";"0";"0";"-1";"0,06";;"0"
"=""533302 - FUSIVEL DIAZED RET gL/gG 500V 50A (DZGL050)""";"=""Un""";"0";"0";"1";"0";"0";"-1";"6,09";;"0"
"=""533646 - CHAVE REVERSORA 2 POSIÇÃO CÓD.901893""";"=""Un""";"0";"0";"1";"0";"0";"-1";"472";;"0"
"=""533819 - CB CONTROL 1KV 12 X 1,5MM""";"=""M""";"0";"0";"1";"0";"0";"-1";"26,7204";;"0"
"=""533953 - GRAMPO TERRA GARRA NEGATIVA 500 AMP BZE""";"=""Un""";"2";"0";"1";"0";"0";"-1";"75";;"0"
"=""534007 - CONEC SINDAL 10,0MM 250V 57A""";"=""Un""";"0";"0";"1";"0";"0";"-1";"35,39";;"0"
"=""534140 - CHAVE PHILIPS 1/4"""" X 6"""" ISOLADA NR10""";"=""Un""";"0";"0";"1";"0";"0";"-1";"35";;"0"
"=""534357 - ABRAC INSUL 200MM X 4,60MM NT""";"=""Un""";"0";"0";"1";"0";"0";"-1";"0,07";;"0"
"=""534474 - FILTRO REFIL P/ UN HIDRAULICA MESA TROCA CS3000 CÓD. WELLE 10751""";"=""Un""";"0";"0";"1";"0";"0";"-1";"276,3";;"0"
"=""534475 - KIT TRATAMENTO AGUA CHILLER 1 E 2K CÓD. WELLE 9821""";"=""Un""";"0";"0";"1";"0";"0";"-1";"70";;"0"
"=""534476 - GUIA DESLIZANTE CÓD. WELLE CS3000.30.20.073""";"=""Un""";"0";"0";"1";"0";"0";"-1";"442,3";;"0"
"=""534477 - BUCHA DESLIZANTE CÓD. WELLE CS3000.30.20.093""";"=""Un""";"0";"0";"1";"0";"0";"-1";"2024,1";;"0"
"=""534478 - CHAVE FENDA 3/16"""" X 4""""""";"=""Un""";"0";"0";"1";"0";"0";"-1";"19,01";;"0"
"=""534479 - CHAVE FENDA 3/16"""" X 3""""""";"=""Un""";"0";"0";"1";"0";"0";"-1";"20,99";;"0"
"=""534480 - CHAVE COMBINADA 1/2""""""";"=""Un""";"0";"0";"1";"0";"0";"-1";"13,39";;"0"
"=""534481 - CHAVE COMBINADA 20MM""";"=""Un""";"0";"0";"1";"0";"0";"-1";"29,62";;"0"
"=""534482 - SENSOR INDUTIVO I12-2 DPC PNP 4 FIOS 1NA+1NF""";"=""Un""";"0";"0";"1";"0";"0";"-1";"143,25";;"0"
"=""534486 - CHAVE DE FENDA 1/4"""" X 6 ISOLAMENTO""";"=""Un""";"0";"0";"1";"0";"0";"-1";"30";;"0"
"=""534514 - TOCHA MIG SBME450 C/RASPA 5,0M CÓD.MW303""";"=""Un""";"1,33333333333333";"4";"1";"0";"0";"-1";"1136,25";;"0"
"=""534520 - SARGENTO 100X95X170MM""";"=""Un""";"0";"0";"1";"0";"0";"-1";"27,9";;"0"
"=""534521 - SARGENTO 75X75X130MM""";"=""Un""";"0";"0";"1";"0";"0";"-1";"19,9";;"0"
"=""534554 - PROJETOR LED 6500K IP66 BIV 4000LM 50W""";"=""Un""";"0";"0";"1";"0";"0";"-1";"180";;"0"
"=""545130 - ACO LAMINADO RED 2.1/4""""  4340""";"=""KG""";"0";"0";"1";"0";"0";"-1";"40";;"0"
"=""545131 - ACO LAMINADO RED 5.1/4""""  1045""";"=""KG""";"0";"0";"1";"0";"0";"-1";"23,6";;"0"
"=""561514 - CORREIA A  71""";"=""Un""";"0";"0";"1";"0";"0";"-1";"43";;"0"
"=""562235 - CORREIA B 62""";"=""Un""";"0";"0";"1";"0";"0";"-1";"48";;"0"
"=""592635 - TARUGO NYLON 60MM (NYLON 6.0)""";"=""KG""";"0";"0";"1";"0,006";"0";"-0,994";"79";;"0"
"=""596684 - ABRACADEIRA NYLON 2,5 X 140 TR-30""";"=""Un""";"0";"0";"1";"0";"0";"-1";"0,16";;"0"
"=""596685 - ABRACADEIRA NYLON 2,5 X 200MM""";"=""Un""";"0";"0";"1";"0";"0";"-1";"0,12";;"0"
"=""596686 - ABRACADEIRA NYLON 4,8 X 380/400MM""";"=""Un""";"0";"0";"1";"0";"0";"-1";"0,25";;"0"
"=""596687 - ABRACADEIRA NYLON 7,6 X 400MM TR-120R""";"=""Un""";"0";"0";"1";"0";"0";"-1";"0,3";;"0"
"=""599087 - CARRO DE MÃO REFORÇADO""";"=""Un""";"0";"0";"1";"0";"0";"-1";"250";;"0"
"=""599088 - PNEU P/ CARRO DE MÃO 325 X 8""";"=""Un""";"1";"0";"1";"0";"0";"-1";"81,19";;"0"
"=""599106 - LINHA NYLON Nº8""";"=""Un""";"0";"0";"1";"0";"0";"-1";"17,5";;"0"
"=""599509 - CIMENTO PRONTO 25KG""";"=""Un""";"0";"0";"1";"0";"0";"-1";"65";;"0"
"=""599569 - ABRACADEIRA S/ FIM 09MM 1/2"""" A 5/8""""""";"=""Un""";"0";"0";"1";"0";"0";"-1";"4,9";;"0"
"=""600152 - CHAVE GRIF 24""""""";"=""Un""";"0";"0";"1";"0";"0";"-1";"228,32";;"0"
"=""600160 - CHAVE COMBINADA 9/16""""""";"=""Un""";"0";"0";"1";"0";"0";"-1";"20,53";;"0"
"=""600395 - JG CHAVE SOQ ENC GEDORE 1/2 10 A 32""";"=""Un""";"0";"0";"1";"0";"0";"-1";"350";;"0"
"=""600421 - CHAVE COMB 10MM""";"=""Un""";"0";"0";"1";"0";"0";"-1";"14,9";;"0"
"=""600448 - CH AJUST 06 FOSFATIZADA""";"=""Un""";"0";"0";"1";"0";"0";"-1";"56,5";;"0"
"=""600534 - CHAVE COMB 36MM""";"=""Un""";"0,333333333333333";"0";"1";"0";"0";"-1";"485";;"0"
"=""600596 - ALICATE DE COMPRESSÃO TRAMONTINA""";"=""Un""";"0";"0";"1";"0";"0";"-1";"1050";;"0"
"=""601434 - REBITADOR ALAVANCA RA 450 VONDER""";"=""Un""";"0,666666666666667";"0";"1";"0";"0";"-1";"169";;"0"
"=""610306 - TRENA 3 M""";"=""Un""";"3,33333333333333";"10";"1";"0";"0";"-1";"14,5";;"0"
"=""610307 - TRENA 8 M""";"=""Un""";"1";"3";"1";"0";"0";"-1";"43,5";;"0"
"=""610402 - TRENA 5 M""";"=""Un""";"3,33333333333333";"10";"1";"0";"0";"-1";"22,5";;"0"
"=""610403 - TRENA 10 M""";"=""Un""";"0";"0";"1";"0";"0";"-1";"79,9";;"0"
"=""641285 - BROCA AR  1/2  HAST.CIL.DIN338""";"=""Un""";"0";"0";"1";"0";"0";"-1";"21,07";;"0"
"=""641872 - BROCA CONICA 37/64    DIN 345""";"=""Un""";"0";"0";"1";"0";"0";"-1";"76,94";;"0"
"=""643106 - BROCA DE CENTRO 5/16X3/4""";"=""Un""";"0";"0";"1";"0";"0";"-1";"50,16";;"0"
"=""643465 - BROCA TOPO 12MM     4 NAVALHAS""";"=""Un""";"0";"0";"1";"0";"0";"-1";"38,95";;"0"
"=""645014 - MACHO MÁQ HEL. 1/4 UNC DIN2182-280/2""";"=""Un""";"0";"0";"1";"0";"0";"-1";"59,42";;"0"
"=""648712 - INS GRIP 4004Y IC808""";"=""Un""";"0";"0";"1";"0";"0";"-1";"86";;"0"
"=""649038 - INS 22  I R M  AG 60 - IC 250""";"=""Un""";"0";"0";"1";"0";"0";"-1";"65,9";;"0"
"=""649654 - INSERTO MGMN 200 RWM215""";"=""Un""";"0";"0";"1";"0";"0";"-1";"50";;"0"
"=""650080 - INS TNMG 16.04.08 - TF IC 9250""";"=""Un""";"0";"0";"1";"0";"0";"-1";"34,9";;"0"
"=""650091 - INS TNMG 16.04.04 R-VF TT 8125""";"=""Un""";"0";"0";"1";"0";"0";"-1";"32,5";;"0"
"=""650309 - INS TDC 2 TT7220 (SANGRAR)""";"=""Un""";"0";"0";"1";"0";"0";"-1";"67,5";;"0"
"=""650310 - INS TDC 2 - 8L TT7220""";"=""Un""";"0";"0";"1";"0";"0";"-1";"38,5";;"0"
"=""698749 - KIT FERRAMENTAS 178 PEÇAS MASTER ROBUST""";"=""Un""";"0";"0";"1";"0";"0";"-1";"1425,11";;"0"
"=""700032 - LENTE P/MASCARA EXTERNA ORIGOTECH REF.0719290 ESAB""";"=""Un""";"3";"0";"1";"0";"0";"-1";"12";;"0"
"=""700074 - PERFURADOR GENMES REF. 9780""";"=""Un""";"0";"0";"1";"0";"0";"-1";"28";;"0"
"=""700098 - TECLADO + MOUSE""";"=""Un""";"3,33333333333333";"4";"1";"0";"0";"-1";"116,05";;"0"
"=""700128 - FONTE ATX 500W BIV 20+4P 12 50 ADVANCED""";"=""Un""";"0";"0";"1";"0";"0";"-1";"159";;"0"
"=""700171 - SUPORTE P/ PAPEL TOALHA""";"=""Un""";"0,333333333333333";"1";"1";"0";"0";"-1";"36,25";;"0"
"=""700206 - LIXEIRA SIMPLES 12LTS""";"=""Un""";"0";"0";"1";"0";"0";"-1";"29,5";;"0"
"=""700295 - QUADRO DE AVISO ACRILICO A4 CRISTAL 23 X 31 WALEU""";"=""Un""";"6";"18";"1";"0";"0";"-1";"18";;"0"
"=""700408 - CARREGADOR CEL. V8 2USB 4.8A CARG5184""";"=""Un""";"0";"0";"1";"0";"0";"-1";"39,99";;"0"
"=""700409 - CARREGADOR CEL. MOTOROLA TURBO""";"=""Un""";"1,33333333333333";"0";"1";"0";"0";"-1";"25";;"0"
"=""700441 - TOUCA DESC TNT C/ 100 UNIDS""";"=""Un""";"0";"0";"1";"0";"0";"-1";"16";;"0"
"=""700452 - REFIL TINTA 65ML T544 EPSON""";"=""Un""";"1,33333333333333";"0";"1";"0";"0";"-1";"62,9";;"0"
"=""700456 - ALCOOL GEL 70º 1000ML""";"=""L""";"11,6666666666667";"5";"1";"0";"0";"-1";"38,9";;"0"
"=""700789 - SUPORTE PARA NOTEBOOK C/ COOLER""";"=""Un""";"0,333333333333333";"1";"1";"0";"0";"-1";"90";;"0"
"=""701006 - CALÇA RETARDANTE A CHAMA SANTISTA PARA ELETRICISTA""";"=""Un""";"2,66666666666667";"0";"1";"0";"0";"-1";"175";;"0"
"=""701052 - CAMISA RETARDANTE A CHAMA PARA ELETRICISTA""";"=""Un""";"2,66666666666667";"8";"1";"0";"0";"-1";"180";;"0"
"=""701101 - MOUSE PAD STANDARD""";"=""Un""";"5";"0";"1";"0";"0";"-1";"9,9";;"0"
"=""701404 - CALÇA CEDROPAC 2 C/ ELÁSTICO CINZA""";"=""Un""";"33,3333333333333";"100";"1";"0";"0";"-1";"70,41";;"0"
"=""701455 - CAMISA EM MALHA PP GOLA CARECA M. CURTA CINZA CLARO""";"=""Un""";"25";"75";"1";"0";"0";"-1";"29,95";;"0"
"=""702056 - FILTRO PROTIN CQ-A VAP. ORGÂ.""";"=""Un""";"0";"0";"1";"0";"0";"-1";"14,85";;"0"
"=""702060 - RESPIRADOR SEMI FACIAL 6000/6200 MED CA4115""";"=""Un""";"0";"0";"1";"0";"0";"-1";"107,95";;"0"
"=""702065 - RESPIRADOR DESCARTÁVEL CARVÃO PFF1 CA448- 3M""";"=""Un""";"8,66666666666667";"0";"1";"0";"0";"-1";"12,95";;"0"
"=""702075 - OCULOS AMPLA VISÃO KALIPSO""";"=""Un""";"0,666666666666667";"0";"1";"0";"0";"-1";"54,15";;"0"
"=""702095 - PROTETOR SOLAR FPS 30""";"=""L""";"0";"0";"1";"0";"0";"-1";"105";;"0"
"=""712049 - EXTRATOR DE GRAMPOS""";"=""Un""";"0,666666666666667";"0";"1";"0";"0";"-1";"3,2";;"0"
"=""712063 - FITA ADESIVA 12MMX50M""";"=""Un""";"0";"0";"1";"0";"0";"-1";"12,5";;"0"
"=""712103 - CX CLIPS No. 2/0 C/ 100 UNIDS""";"=""Un""";"1";"2";"1";"0";"0";"-1";"3,5";;"0"
"=""717010 - PAPEL HIGIENICO""";"=""RL""";"106,666666666667";"0";"1";"0";"0";"-1";"0,745";;"0"
"=""745005 - PASTA A-Z OFICIO""";"=""Un""";"0";"0";"1";"0";"0";"-1";"10,6";;"0"
"=""754122 - SOLUÇÃO AK PH 7 250 ML""";"=""Un""";"5,66666666666667";"0";"1";"0";"0";"-1";"22";;"0"
"=""754124 - SOLUÇÃO AK PH 4 250 ML""";"=""Un""";"0";"0";"1";"0";"0";"-1";"26";;"0"
"=""754125 - SOLUÇÃO AK KCL 3M CLORETO DE POTASSIO 250 ML""";"=""Un""";"0";"0";"1";"0";"0";"-1";"32,6";;"0"
"=""796532 - RODO PARA PIA""";"=""Un""";"0";"0";"1";"0";"0";"-1";"1,89";;"0"
"=""110437 - CHUMBO LINGOTE PURO MOLE""";"=""KG""";"50";"0";"1";"655,5";"0";"654,5";"26";;"0"
"=""117112 - TARUGO NYLON RED. DE 35mm.""";"=""M""";"0";"0";"1";"5,982";"0";"4,982";"75";;"0"
"=""212098 - ARRUELA LISA 1/4"""" GALV""";"=""Un""";"28";"0";"1";"2632";"0";"2631";"0,0569";;"0"
"=""212507 - ARR. DE PRES. MÉDIA - ZB 1/4""""""";"=""Un""";"238,666666666667";"500";"1";"4874";"0";"4873";"0,0353";"20";"408,435754189944"
"=""216537 - BORRACHA VEDAÇÃO CÓD. 84601-01""";"=""M""";"8,33333333333333";"0";"1";"175";"0";"174";"7,99";"20";"420"
"=""222195 - TOMADA P/ REBOQUE FEMEA 7 POLOS PRETA""";"=""Un""";"0";"0";"1";"8";"0";"7";"33,44";;"0"
"=""222196 - TOMADA P/ REBOQUE MACHO 7 POLOS PRETA""";"=""Un""";"0";"0";"1";"8";"0";"7";"21";;"0"
"=""222327 - PINO ELÁSTICO 6 X 50 (DIN 1481)""";"=""Un""";"0";"0";"1";"172";"0";"171";"0,34";;"0"
"=""222434 - AÇO MT 50.8 CROMADO SAE 1045 NORMAL 2"""" - CBH/CBHM 5t / 7t""";"=""Un""";"51";"12";"1";"147";"100";"246";"207,48";;"0"
"=""226208 - CORRENTE ELO 5/16 F. POLIDO""";"=""KG""";"0";"0";"1";"36,185";"0";"35,185";"43";;"0"
"=""240461 - ADAPTADOR 3/4""""-16 PTT-30°""";"=""Un""";"18";"3";"1";"78";"0";"77";"2,8571";"25";"108,333333333333"
"=""257086 - PARAF ALLEN C/ CAB 1/4 X 5/8""""  UNF (NÃO USAR, SUBSTITUÍDO.)""";"=""Un""";"0";"0";"1";"4725";"0";"4724";"0,468";"5";"23625"
"=""258003 - PARAF SEX   3/8 X 1.1/4   UNC ZB""";"=""Un""";"28";"43";"1";"520";"0";"519";"0,6141";"20";"371,428571428571"
"=""258155 - PARAF SEX   1/2 X 3.1/2  UNC  ZB""";"=""Un""";"1081,33333333333";"1032";"1";"82";"3000";"3081";"2,1126";"35";"2,65413070283601"
"=""258234 - PARAF SEX   3/4 X 2   UNC ZB""";"=""Un""";"1736";"1500";"1";"772";"3040";"3811";"4,1517";"30";"13,3410138248848"
"=""266176 - PLACA DE IDENT. CEMAG""";"=""Un""";"266,666666666667";"300";"1";"2467";"0";"2466";"1,05";"30";"277,5375"
"=""274124 - PORCA SEX     1/2   UNC  ZB""";"=""Un""";"2719,33333333333";"2950";"1";"6342";"0";"6341";"1";"30";"69,9656778622211"
"=""274355 - PORCA SEX     1/4          UNF""";"=""Un""";"118";"50";"1";"544";"1000";"1543";"0,09";"30";"138,305084745763"
"=""274604 - PORCA SEX     3/8""""  UNC  ZB""";"=""Un""";"15,3333333333333";"23";"1";"4202";"0";"4201";"0,5";"35";"9591,52173913043"
"=""282169 - REBITE DE ALUMINIO   6X12""";"=""Un""";"666,666666666667";"0";"1";"4000";"0";"3999";"0,1883";"4";"24"
"=""299108 - CABO DE ACO 3/16"""" GALV. 6X7 + AF.""";"=""M""";"125,616666666667";"76,65";"1";"359,5";"500";"858,5";"1,91";"25";"71,5470346291628"
"=""300022 - LIQUIDO REFRIGERANTE PLASMA HYPERTHERM (HYP028872)""";"=""L""";"22,68";"7,56";"1";"191,2";"37,8";"228";"48,045";;"0"
"=""300039 - SUPORTE P/ ARAME MIG""";"=""Un""";"0";"0";"1";"5";"0";"4";"25";;"0"
"=""300041 - PRIMER EPOXI 1202 COMP. A+B""";"=""L""";"6";"3,6";"1";"126";"0";"125";"77,75";;"0"
"=""313131 - ESM. PU ACRILICO LARANJA""";"=""L""";"524,786666666667";"523,52";"1";"669,88";"292,6";"961,48";"66,7727";"12";"15,3177672196956"
"=""313132 - REDUTOR PARA PU""";"=""L""";"584,333333333333";"657";"1";"1585";"195";"1779";"20,954";;"0"
"=""313134 - ESM. PU ACRILICO AMARELO""";"=""L""";"98,56";"24,64";"1";"603,68";"0";"602,68";"52,8994";;"0"
"=""313135 - ESM. PU ACRILICO AZUL""";"=""L""";"177,366666666667";"76,26";"1";"800,8";"0";"799,8";"86,88";"12";"54,1792896072167"
"=""313209 - FITA CREPE 48x50 P/PINTURA""";"=""Un""";"18";"18";"1";"48";"0";"47";"13,3";;"0"
"=""313210 - CATALISADOR PU 1/1 5058 COMP B""";"=""L""";"302,07";"287,04";"1";"802,92";"109,2";"911,12";"79,0769";"12";"31,8967126824908"
"=""314018 - ELETRODO 1/8           E  6010""";"=""KG""";"6,66666666666667";"0";"1";"20";"0";"19";"33,5";"10";"30"
"=""316209 - PREGO DE    1 X15        C/CAB""";"=""KG""";"0";"0";"1";"1";"0";"0";"5,1";;"0"
"=""316301 - PREGO DE 2.1/2X10        C/CAB""";"=""KG""";"8,33333333333333";"0";"1";"5";"0";"4";"18,51";;"0"
"=""316404 - PREGO DE    2 X10        C/CAB""";"=""KG""";"3,33333333333333";"0";"1";"5";"0";"4";"19,38";"10";"15"
"=""316465 - PREGO ARDOX C/ CAB. 2.1/2"""" X 10""";"=""KG""";"8,33333333333333";"0";"1";"5";"0";"4";"28,01";;"0"
"=""318139 - ESM. SINT. AMARELO VALMET""";"=""L""";"6";"7,2";"1";"75,6";"0";"74,6";"40,6028";"30";"378"
"=""318167 - BONDERIT M-FE 564""";"=""KG""";"133,333333333333";"250";"1";"250";"400";"649";"13,14";;"0"
"=""318168 - BONDERITE C-IC 3995""";"=""KG""";"13,3333333333333";"0";"1";"0";"100";"99";"46,66";;"0"
"=""318169 - BONDERITE C-AK L 95 (desengraxante)""";"=""KG""";"455";"390";"1";"845";"130";"974";"24,21";;"0"
"=""318170 - BONDERITE C-AD B 725 (aditivo)""";"=""KG""";"53,3333333333333";"50";"1";"90";"50";"139";"33,48";;"0"
"=""318172 - BONDERITE M-AD 700 (auxiliar)""";"=""KG""";"6,66666666666667";"0";"1";"480";"0";"479";"22,31";;"0"
"=""318173 - BONDERITE M-FE F212 BO (fosfatizante)""";"=""KG""";"200";"240";"1";"0";"240";"239";"20,72";;"0"
"=""318280 - ESM. SINT. CINZA OPALESCENTE""";"=""L""";"41,4666666666667";"57,6";"1";"102,4";"0";"101,4";"36,5333";"12";"29,6334405144695"
"=""318346 - ESM. SINT. VERMELHO M.F.""";"=""L""";"20,4";"36";"1";"100,8";"0";"99,8";"40,0111";"30";"148,235294117647"
"=""318413 - ESM. SINT. LARANJA""";"=""L""";"31,2";"43,2";"1";"46,8";"0";"45,8";"43,0222";"30";"45"
"=""318416 - TINTA PÓ 26 LI LARANJA W RAL 2002 BR""";"=""KG""";"225";"325";"1";"975";"0";"974";"47,8708";"30";"130"
"=""318504 - ESM. SINT. VERDE J. DEERE""";"=""L""";"7,2";"7,2";"1";"90";"0";"89";"38,1472";"30";"375"
"=""318656 - ESM. SINT. AZUL N. HOLLAND""";"=""L""";"15,6";"7,2";"1";"79,2";"0";"78,2";"37,4778";"30";"152,307692307692"
"=""318723 - TINTA P/SERIGRAFIA SINT. BRANCO""";"=""L""";"0";"0";"1";"23,4";"0";"22,4";"116,4398";"20";"468"
"=""326409 - VERNIZ SINTÉTICO - TINGIDO""";"=""L""";"0";"0";"1";"288";"0";"287";"36,52";"25";"7200"
"=""326537 - SELADOR P/ MADEIRA - INCOLOR""";"=""L""";"1,2";"3,6";"1";"280,8";"0";"279,8";"30,5889";;"0"
"=""350023 - ANTI-RESPINGO DE SOLDA LIQUIDO SPATTER OFF""";"=""L""";"260";"270";"1";"90";"600";"689";"17,85";;"0"
"=""350076 - AGUA DESTILADA DESMINERALIZADA""";"=""L""";"0";"0";"1";"21";"0";"20";"3,62";;"0"
"=""350151 - COLA BRANCA""";"=""L""";"0,333333333333333";"0";"1";"19";"0";"18";"17,5";;"0"
"=""350253 - MASSA POLIESTER SW - 750 GRAMAS""";"=""Un""";"1,33333333333333";"1";"1";"15";"0";"14";"33,5";;"0"
"=""350527 - LOCTITE 271 TB. C/ 50 GR.""";"=""Un""";"5,33333333333333";"7";"1";"14";"0";"13";"160";"10";"26,25"
"=""350622 - SKYLACK THINNER PU TH700""";"=""L""";"461";"441";"1";"1475";"0";"1474";"18,0622";;"0"
"=""350625 - AGUARRÁS""";"=""L""";"23,3333333333333";"0";"1";"70";"0";"69";"17,971";;"0"
"=""350630 - SOLVENTE TX-9""";"=""L""";"480";"425";"1";"140";"400";"539";"16,3202";;"0"
"=""350631 - SOLVENTE (TOLUENO)""";"=""L""";"0,01";"0,03";"1";"159,97";"0";"158,97";"12,7047";"10";"1599,7"
"=""350991 - SILICONE ULTRA 598 BLACK 70GR""";"=""Un""";"0";"0";"1";"26";"0";"25";"224,58";;"0"
"=""400025 - MAD. BARROTE P/EMBALAGEM 0.05 X0.05 X 3.0M""";"=""Un""";"314,333333333333";"295";"1";"292";"0";"291";"15,5";;"0"
"=""487873 - DETER-SOLV 15 (PARA LIMPEZA DE PEÇAS)""";"=""L""";"333,333333333333";"200";"1";"800";"1000";"1799";"18,5";;"0"
"=""497820 - MANTA FILMA POLIET. 2mm. X 1,20 MT.""";"=""M2""";"2520";"2400";"1";"8520";"1800";"10319";"2,283";;"0"
"=""497822 - TUBO EPE DIAM. 30 X 3MM X 1,6M CÓD.T30.3.1,6D30""";"=""Un""";"1526,66666666667";"1460";"1";"5740";"1000";"6739";"0,68";;"0"
"=""497836 - CX.PAP.OND.DUP.25X20X16cm..""";"=""Un""";"33,3333333333333";"0";"1";"3030";"0";"3029";"3,41";;"0"
"=""497848 - FITA PLAST. P/EMB. LARG. 10mm.""";"=""Un""";"0";"0";"1";"1";"0";"0";"145";;"0"
"=""497851 - MAD. P/ EMB. PINOS 3,0 x 0,10 x 0,023m.""";"=""Un""";"945,666666666667";"630";"1";"362";"0";"361";"12";;"0"
"=""497872 - FITA ADESIVA USO GERAL 3M C/ 100 MTS""";"=""Un""";"78,3333333333333";"98";"1";"145";"0";"144";"5,45";;"0"
"=""497874 - FITILHO""";"=""Un""";"4,33333333333333";"9";"1";"7";"0";"6";"8,42";;"0"
"=""497875 - FRASCO 500ML C/ TAMPA DE LACRE""";"=""Un""";"396";"788";"1";"900";"0";"899";"0,85";;"0"
"=""497885 - FITA MET.P/EMB. - 1mm X 1''""";"=""KG""";"556";"562";"1";"1567,6205";"1120";"2686,6205";"9,98";;"0"
"=""497897 - SELO DE AÇO POLIDO TR 25X60X0,90""";"=""KG""";"25";"25";"1";"100";"50";"149";"10,7";;"0"
"=""497940 - CX.PAP.OND.DUP.42X20X16cm..""";"=""Un""";"100";"0";"1";"1240";"0";"1239";"4,48";;"0"
"=""497952 - SACO PLASTICO 40 X 60 X 0.10""";"=""Un""";"333,333333333333";"0";"1";"1500";"0";"1499";"0,48";;"0"
"=""497968 - SACO PLASTICO P/ DES. 34X24X0,20""";"=""Un""";"0";"0";"1";"3750";"0";"3749";"0,315";;"0"
"=""497990 - FIVELA P/ FITA PLASTICA AB 12X28""";"=""Un""";"0";"0";"1";"1000";"0";"999";"0,105";;"0"
"=""500630 - NIPLE 1/4"""" REF. ARC-112/1414""";"=""Un""";"2,33333333333333";"0";"1";"8";"0";"7";"8,99";;"0"
"=""501246 - PVFLOC PAC (COAGULANTE PAC)""";"=""KG""";"220";"240";"1";"480";"0";"479";"4,9";;"0"
"=""501248 - PVLYE NA""";"=""KG""";"100";"120";"1";"360";"0";"359";"5";;"0"
"=""501268 - SÉRIE DE GUARNIÇÕES MORSA HIDRÁULICA SHARK CÓD. 043.5614""";"=""Un""";"0,333333333333333";"0";"1";"1";"0";"0";"357";;"0"
"=""501700 - GRAXA BRANCA SPRAY""";"=""Un""";"0";"0";"1";"9";"0";"8";"18";;"0"
"=""501951 - MANGUEIRA TRANC HIDRO-AR PT300 5/16""""""";"=""Mt""";"0";"0";"1";"100";"0";"99";"5,5";;"0"
"=""504620 - SPRAY TINTA""";"=""Un""";"17,3333333333333";"22";"1";"78";"0";"77";"27,5";;"0"
"=""504749 - AGUA DEIONIZADA/AUTOCLAVE""";"=""L""";"1,66666666666667";"5";"1";"370";"0";"369";"2,386";;"0"
"=""504876 - ESPIGÃO FIXO P/ MANG. ROSCA MACHO 1/4"""" X 1/4"""" REF. ARC-100/1414""";"=""Un""";"0";"0";"1";"40";"0";"39";"8";;"0"
"=""504877 - ADAP. ROSCA MACHO 1/4"""" REF. ARC-AD-767-MAN""";"=""Un""";"4,66666666666667";"0";"1";"11";"0";"10";"5,76";;"0"
"=""507119 - OLEO DESENGRIPANTE LUB 300ML""";"=""Un""";"6,66666666666667";"0";"1";"4";"0";"3";"12,12";;"0"
"=""507512 - CARVÃO VEGETAL""";"=""KG""";"2";"0";"1";"111";"0";"110";"2,3333";"4";"222"
"=""509266 - FILTRO CARTÃO PLINSADO 1250 X 800MM 20 PLINSAS""";"=""Un""";"0";"0";"1";"18";"0";"17";"58";;"0"
"=""509268 - MANTA PA50 795 X 1270MM""";"=""Un""";"0";"0";"1";"64";"0";"63";"22,725";;"0"
"=""509378 - MANTA HV500 795 X 1270MM""";"=""Un""";"0";"0";"1";"176";"0";"175";"30,5158";;"0"
"=""509380 - MANTA HV500 810 X 1270MM""";"=""Un""";"0";"0";"1";"36";"0";"35";"31,1017";;"0"
"=""509499 - MANGUEIRA OFFSHORE 3/8"""" X 5000MM C/ TERMINAIS""";"=""Un""";"0";"0";"1";"1";"0";"0";"285,6";;"0"
"=""509526 - OLEO P/ TRATOR AMBRA MULTI 10W30""";"=""L""";"40";"100";"1";"60";"0";"59";"24,4925";;"0"
"=""533045 - GUIA ESPIRAL 1,2MM 4,5M CÓD.MP804""";"=""Un""";"0";"0";"1";"21";"0";"20";"27,69";;"0"
"=""533046 - GUIA ESPIRAL 1,2MM 5,5M CÓD.MP805""";"=""Un""";"0";"0";"1";"14";"0";"13";"34,9";;"0"
"=""533053 - PORTA BOCAL M08 CÓD.MB406""";"=""Un""";"20";"60";"1";"230";"40";"269";"36,35";;"0"
"=""533107 - ALICATE UNIVERSAL 8"""" 8280 IOX""";"=""Un""";"1,33333333333333";"1";"1";"4";"0";"3";"55";;"0"
"=""533135 - ABRACADEIRA NYLON 535MM T-250R""";"=""Un""";"10";"0";"1";"20";"0";"19";"3";;"0"
"=""533204 - GUIA ESPIRAL ACO 1,2MM 3.5M CÓD.MP803""";"=""Un""";"0";"0";"1";"22";"0";"21";"17,3";;"0"
"=""533396 - BICO CONT. 1,2MM M8 CÓD. MA063""";"=""Un""";"70";"110";"1";"200";"80";"279";"6,88";;"0"
"=""533572 - PILHA ALCALINA AA""";"=""Un""";"7,66666666666667";"9";"1";"2";"0";"1";"18,5";;"0"
"=""533653 - BOCAL CONICO 1.6MM CÓD. ME516""";"=""Un""";"16,6666666666667";"50";"1";"110";"40";"149";"32,1";;"0"
"=""533701 - FITA TEFLON 3/4 x 50 Mts""";"=""Un""";"1,66666666666667";"0";"1";"10";"0";"9";"6";;"0"
"=""533786 - FITA ISOLANTE 19MM X 20M PRET""";"=""Un""";"4,66666666666667";"3";"1";"8";"0";"7";"16";;"0"
"=""533852 - CAPA DE RASPA P/ TOCHA 35MM 20MTS CÓD.BO736""";"=""M""";"11,6666666666667";"0";"1";"70";"0";"69";"25";;"0"
"=""533880 - CAPA PROTETORA (220747)""";"=""Un""";"1,33333333333333";"2";"1";"4";"5";"8";"547,83";;"0"
"=""533881 - BOCAL (220194)""";"=""Un""";"0";"0";"1";"8";"0";"7";"52";;"0"
"=""533883 - BOCAL 80A (HYP220189)""";"=""Un""";"24,3333333333333";"28";"1";"16";"20";"35";"81,18";;"0"
"=""533884 - BOCAL 130A (HYP220183)""";"=""Un""";"33";"30";"1";"24";"20";"43";"81,18";;"0"
"=""533885 - DISTRIBUIDOR DE GÁS (HYP220179) 80A""";"=""Un""";"1";"0";"1";"18";"0";"17";"167,83";;"0"
"=""533886 - TUBO DE ÁGUA (HYP220340)""";"=""Un""";"1,33333333333333";"0";"1";"10";"0";"9";"159,14";;"0"
"=""533889 - CAPA (220754)""";"=""Un""";"0,333333333333333";"0";"1";"0";"1";"0";"1127,33";;"0"
"=""533890 - CAPA 80A E 130 A (HYP220756)""";"=""Un""";"3,33333333333333";"1";"1";"4";"4";"7";"1127,33";;"0"
"=""533891 - BICO 80A (HYP220188)""";"=""Un""";"19,3333333333333";"16";"1";"120";"30";"149";"108,88";;"0"
"=""533892 - BICO 130A (HYP220182)""";"=""Un""";"40,3333333333333";"35";"1";"77";"40";"116";"108,88";;"0"
"=""534050 - ELETRODO SILVERPLUS 130A (HYP220665)""";"=""Un""";"40";"28";"1";"50";"40";"89";"108,24";;"0"
"=""534091 - ELETRODO 30A (HYP220192)""";"=""Un""";"0";"0";"1";"4";"0";"3";"51,9";;"0"
"=""534116 - BICO 30A (HYP220193)""";"=""Un""";"0";"0";"1";"3";"0";"2";"74,75";;"0"
"=""534144 - ELETRODO SILVERPLUS 80A (HYP420566)""";"=""Un""";"20";"20";"1";"115";"30";"144";"108,24";;"0"
"=""534231 - LUFRIFICANTE SILIC BISNAGA 7G HYP027055""";"=""Un""";"0";"0";"1";"18";"0";"17";"83,28";;"0"
"=""534277 - LIMPA CONTATO""";"=""Un""";"10,3333333333333";"1";"1";"7";"0";"6";"14,9";;"0"
"=""534299 - PILHA ALCALINA AAA PALITO""";"=""Un""";"12,6666666666667";"8";"1";"5";"0";"4";"4,51";;"0"
"=""534435 - BICO DUPLO 1.2MM ROYTOOLS CÓD WELLE 10165""";"=""Un""";"0";"0";"1";"10";"0";"9";"48,5";;"0"
"=""534436 - BICO DUPLO 1.5MM ROYTOOLS CÓD WELLE 8652""";"=""Un""";"5,33333333333333";"2";"1";"4";"20";"23";"47,45";;"0"
"=""534437 - CERAMICA ROYTOOLS CÓD WELLE 8656""";"=""Un""";"3";"1";"1";"9";"0";"8";"152,25";;"0"
"=""534438 - JANELA DE PROTEÇÃO INFERIOR ROYTOOLS CÓD WELLE 8657""";"=""Un""";"3,33333333333333";"2";"1";"10";"0";"9";"96,98";;"0"
"=""534448 - JANELA DE PROTEÇÃO SUPERIOR ROYTOOLS CÓD WELLE 8658""";"=""Un""";"4,66666666666667";"6";"1";"6";"15";"20";"97,33";;"0"
"=""534459 - BICO DUPLO 2.5MM ROYTOOLS CÓD WELLE 8654""";"=""Un""";"0,666666666666667";"1";"1";"25";"0";"24";"51,05";;"0"
"=""534460 - BICO DUPLO 3.0MM ROYTOOLS CÓD WELLE 8655""";"=""Un""";"3";"2";"1";"13";"0";"12";"47,45";;"0"
"=""534510 - FIXADOR VERTICAL KF111 RBL""";"=""Un""";"0";"0";"1";"16";"0";"15";"122,08";;"0"
"=""562270 - CORREIA B  92""";"=""Un""";"1,66666666666667";"0";"1";"5";"0";"4";"75";;"0"
"=""569875 - ALAVANCA PLM 600""";"=""Un""";"0";"0";"1";"3";"0";"2";"250";;"0"
"=""599116 - PÁ QUADRADA""";"=""Un""";"0";"0";"1";"4";"0";"3";"29,9";;"0"
"=""599488 - ADESIVO INSTANTANEO 20 G""";"=""Un""";"2,66666666666667";"0";"1";"18";"0";"17";"12";;"0"
"=""599999 - CP MAT. P/ MANUTENÇÃO INDUSTRIAL""";"=""Un""";"16,3333333333333";"12";"1";"0";"3";"2";"4";;"0"
"=""600233 - ALICATE DE PRESSÃO 10""""""";"=""Un""";"0";"0";"1";"1";"0";"0";"61";;"0"
"=""600352 - DISCO DE DESBASTE 4.1/2""""""";"=""Un""";"17,3333333333333";"31";"1";"208";"0";"207";"6";;"0"
"=""600369 - CHAVE DE GRIF 14""""""";"=""Un""";"0";"0";"1";"4";"0";"3";"87,02";;"0"
"=""600588 - LANTERNA RECARREGAVEL SUPER LED""";"=""Un""";"6";"5";"1";"16";"0";"15";"110";;"0"
"=""633975 - CADEADO 35MM""";"=""Un""";"1,33333333333333";"1";"1";"6";"0";"5";"27,5";;"0"
"=""641310 - BROCA AR 7/32  LONGA  DIN340""";"=""Un""";"0,666666666666667";"2";"1";"3";"0";"2";"51";;"0"
"=""641364 - BROCA AR 11/64 HAST.CIL.DIN338""";"=""Un""";"1,33333333333333";"0";"1";"6";"0";"5";"8";;"0"
"=""641388 - BROCA AR  7/16 LONGA    DIN340""";"=""Un""";"0";"0";"1";"6";"0";"5";"96,76";;"0"
"=""641390 - BROCA AR 11/32 LONGA    DIN340""";"=""Un""";"0,666666666666667";"0";"1";"9";"0";"8";"24";;"0"
"=""641406 - BROCA AR 13/64 HAST.CIL.DIN338""";"=""Un""";"4,66666666666667";"4";"1";"10";"0";"9";"9,5";;"0"
"=""641509 - BROCA AR  3/16 HAST.CIL.DIN338""";"=""Un""";"2,33333333333333";"2";"1";"4";"0";"3";"8,5";;"0"
"=""641560 - BROCA AR  3/8  HAST.CIL.DIN338""";"=""Un""";"0";"0";"1";"3";"0";"2";"17,91";;"0"
"=""641583 - BROCA AR  5/16 HAST.CIL.DIN338""";"=""Un""";"1,66666666666667";"1";"1";"3";"0";"2";"11,28";;"0"
"=""641662 - BROCA AR  7/32 HAST.CIL.DIN338""";"=""Un""";"1,66666666666667";"1";"1";"9";"0";"8";"47";;"0"
"=""641704 - BROCA AR  9/32 HAST.CIL.DIN338""";"=""Un""";"0,333333333333333";"1";"1";"6";"0";"5";"10,42";;"0"
"=""641728 - BROCA CONICA 13/32     DIN 345""";"=""Un""";"0";"0";"1";"2";"0";"1";"97,33";;"0"
"=""641740 - BROCA CONICA 11/16     DIN 345""";"=""Un""";"0";"0";"1";"2";"0";"1";"177,97";;"0"
"=""641741 - BROCA AR  9/64 HAST.CIL.DIN338""";"=""Un""";"0";"0";"1";"3";"0";"2";"2,85";;"0"
"=""641765 - BROCA AR  1/4  HAST.CIL.DIN338""";"=""Un""";"1";"1";"1";"4";"0";"3";"12,8";;"0"
"=""641766 - BROCA AR  9.0MM HAST.CIL.DIN338""";"=""Un""";"0";"0";"1";"6";"0";"5";"7,75";;"0"
"=""641881 - BROCA CONICA  9/16     DIN 345""";"=""Un""";"0";"0";"1";"1";"0";"0";"97";;"0"
"=""641911 - BROCA CONICA  5/8       DIN 345""";"=""Un""";"0";"0";"1";"1";"0";"0";"90,55";;"0"
"=""643105 - BROCA DE CENTRO 3/16X7/16""";"=""Un""";"0,666666666666667";"0";"1";"11";"0";"10";"52";;"0"
"=""643294 - BROCA CONICA  1/4      DIN 345""";"=""Un""";"0";"0";"1";"2";"0";"1";"70,23";;"0"
"=""643417 - BROCA FRESA DE TOPO 8,00MM 2 NAVALHAS METAL DURO""";"=""Un""";"2";"3";"1";"6";"0";"5";"110";;"0"
"=""643427 - INSERTO PASTILHA ROSCA EXT RT16.01W-60P YBG201""";"=""Un""";"3,33333333333333";"0";"1";"30";"0";"29";"55";;"0"
"=""643452 - BROCA TOPO 5/16     4 NAVALHAS""";"=""Un""";"0";"0";"1";"5";"0";"4";"80";;"0"
"=""645102 - MACHO MANUAL OSG 1/4 UNF 100B DIN351""";"=""Un""";"1";"0";"1";"1";"0";"0";"106";;"0"
"=""646301 - LAMINA DE SERRA 1/2  X 12""";"=""Un""";"1,33333333333333";"1";"1";"16";"0";"15";"11,5";;"0"
"=""647433 - SERRA EM FITA PB - 1""""   4-6 VPR""";"=""Un""";"20";"35";"1";"30";"80";"109";"146,4";;"0"
"=""647471 - SERRA EM FITA PB II - 27-  3-4  C/ 3,66M""";"=""Un""";"23,3333333333333";"45";"1";"25";"80";"104";"146,4";"20";"21,4285714285714"
"=""648384 - INS SPMG 07T308 ZVRW1328""";"=""Un""";"3,33333333333333";"0";"1";"20";"0";"19";"53,5";;"0"
"=""648670 - INS CNMG 12.04.08 - TF IC 9250""";"=""Un""";"14,3333333333333";"22";"1";"47";"0";"46";"48";;"0"
"=""649259 - DISCO DE LIXA G-36  7""""""";"=""Un""";"1280";"1120";"1";"560";"3000";"3559";"6,75";;"0"
"=""649272 - DISCO DE DESBASTE 1/4 x 7 x 7/8""""""";"=""Un""";"36,6666666666667";"40";"1";"1";"0";"0";"12,5";;"0"
"=""649280 - DISCO FLAP 4"""" G-60""";"=""Un""";"73,3333333333333";"70";"1";"30";"0";"29";"5,5";;"0"
"=""649304 - DISCO P/ POLICORTE 1/8 X 7""""""";"=""Un""";"13,3333333333333";"20";"1";"30";"0";"29";"6,9";;"0"
"=""649305 - DISCO P/ POLICORTE 1MM X 4.1/2"""" P/ INOX""";"=""Un""";"144";"116";"1";"472";"0";"471";"1,91";;"0"
"=""649351 - ESC. DE ACO 1777 P/SOLDADOR""";"=""Un""";"0,666666666666667";"0";"1";"21";"0";"20";"6";;"0"
"=""649655 - INSERTO MGMN 400 RWM215""";"=""Un""";"3,33333333333333";"0";"1";"20";"0";"19";"65";;"0"
"=""649727 - LIXA DE PANO P/ FERRO G-100""";"=""Un""";"1";"2";"1";"118";"0";"117";"5,3";;"0"
"=""649740 - LIXA DE PANO P/ FERRO G-60""";"=""Un""";"0,666666666666667";"2";"1";"11";"0";"10";"5,42";;"0"
"=""649764 - LIXA DE PANO P/ FERRO G-220""";"=""Un""";"0";"0";"1";"100";"0";"99";"2,45";;"0"
"=""649860 - LIXA D'AGUA G-400""";"=""Un""";"2,66666666666667";"0";"1";"268";"0";"267";"2";;"0"
"=""649910 - DISCO DE LIXA  4.1/2"""" G-36""";"=""Un""";"0";"0";"1";"200";"0";"199";"4,5";;"0"
"=""649911 - DISCO DE LIXA HOOKIT G-80""";"=""Un""";"140";"220";"1";"800";"0";"799";"3,89";;"0"
"=""649913 - DISCO DE LIXA HOOKIT  G-220""";"=""Un""";"240";"220";"1";"500";"0";"499";"3,89";;"0"
"=""649914 - DISCO DE LIXA 7""""  G-120""";"=""Un""";"0";"0";"1";"269";"0";"268";"5,5";;"0"
"=""650081 - INS TNMG 16.04.08 RF IC 9250""";"=""Un""";"0";"0";"1";"6";"0";"5";"48";;"0"
"=""650090 - INS TNMG 160408 EL T9335""";"=""Un""";"3";"9";"1";"10";"0";"9";"52";;"0"
"=""650175 - INS WNMG 08.04.08 WT TT3500""";"=""Un""";"0";"0";"1";"35";"0";"34";"62,5";;"0"
"=""700014 - APONTADOR C/ 1FURO PLASTICO""";"=""Un""";"0,666666666666667";"1";"1";"3";"0";"2";"0,5";;"0"
"=""700015 - PANO DE CHÃO ALVEJADO""";"=""Un""";"4";"5";"1";"6";"0";"5";"1,45";;"0"
"=""700017 - GRAMPEADOR GENMES 5777""";"=""Un""";"1";"0";"1";"2";"0";"1";"14";;"0"
"=""700025 - MOUSE USB""";"=""Un""";"0,333333333333333";"0";"1";"4";"1";"4";"35";;"0"
"=""700043 - VASELINA PASTOSA""";"=""KG""";"0,666666666666667";"0";"1";"5";"0";"4";"29,9";;"0"
"=""700058 - PRANCHETA EUCATEX""";"=""Un""";"3";"5";"1";"8";"0";"7";"6,3";;"0"
"=""700091 - CANETA OFFICE PEN 2.0""";"=""Un""";"3";"5";"1";"26";"0";"25";"3,49";;"0"
"=""700130 - TOUCA ESPECIAL P/ SOLDADOR""";"=""Un""";"13";"26";"1";"39";"0";"38";"7,5";;"0"
"=""700138 - CALCULADORA 12 DIG. DE MESA""";"=""Un""";"0,333333333333333";"1";"1";"1";"0";"0";"27,3";;"0"
"=""700163 - TECLADO USB""";"=""Un""";"0,333333333333333";"0";"1";"4";"0";"3";"19,99";;"0"
"=""700178 - ROUPA / MACACÃO DE PROTEÇÃO""";"=""Un""";"38";"22";"1";"36";"0";"35";"18,7";;"0"
"=""700207 - SACO PARA LIXO COM 20LTS""";"=""Un""";"0";"0";"1";"100";"0";"99";"0,076";;"0"
"=""700208 - SACO PARA LIXO COM 40LTS""";"=""Un""";"0";"0";"1";"400";"0";"399";"0,108";;"0"
"=""700214 - PORTA PAPEL HIGIENICO P/ RL 400MT""";"=""Un""";"0";"0";"1";"3";"0";"2";"38,5";;"0"
"=""700258 - PÁ PARA LIXO CABO LONGO PLASTICO""";"=""Un""";"2,33333333333333";"0";"1";"1";"0";"0";"4,5";;"0"
"=""700263 - RODO PLASTICO 40CM""";"=""Un""";"1,33333333333333";"0";"1";"14";"0";"13";"4,88";;"0"
"=""700271 - CREME DE PROTEÇÃO PARA PELE""";"=""Un""";"0,333333333333333";"0";"1";"3";"0";"2";"385";;"0"
"=""700276 - SACO PARA LIXO COM 100LTS""";"=""Un""";"33,3333333333333";"0";"1";"200";"0";"199";"0,145";;"0"
"=""700296 - QUADRO BRANCO ALUM. 1,20 X 0,90""";"=""Un""";"1,33333333333333";"4";"1";"12";"0";"11";"106";;"0"
"=""700316 - VEJA MULTI USO 500ML""";"=""Un""";"3";"2";"1";"4";"0";"3";"3,99";;"0"
"=""700386 - TESOURA 21CM""";"=""Un""";"1";"0";"1";"2";"0";"1";"2,6";;"0"
"=""700447 - RADIO WALK TALK COMUNICADOR""";"=""Un""";"5,33333333333333";"4";"1";"4";"0";"3";"59,994";;"0"
"=""701010 - PULVERIZADOR MULTIUSO 500ML""";"=""Un""";"15";"15";"1";"14";"0";"13";"14,8";;"0"
"=""701018 - ESPONJA DUPLA FACE 60X1""";"=""Un""";"10";"2";"1";"25";"0";"24";"0,75";;"0"
"=""701039 - BOTAS VAQUETA C/ BIQUEIRA AÇO/COMPOSITE""";"=""Un""";"26,6666666666667";"5";"1";"174";"12";"185";"98";;"0"
"=""701042 - PALMILHA EVA AIR C/ GEL""";"=""Un""";"7";"0";"1";"49";"0";"48";"17,37";;"0"
"=""701117 - FILTRO MEC. P/RESP.  P-1  (DE LÃ)""";"=""Un""";"0";"0";"1";"81";"0";"80";"2,45";;"0"
"=""701452 - CAMISA CEDROPAC LEVE 2 M. LONGA CINZA""";"=""Un""";"0";"0";"1";"100";"0";"99";"86,2";;"0"
"=""701935 - MARCADOR ESFEROGRÁFICO DE 2mm.""";"=""Un""";"3,33333333333333";"6";"1";"75";"0";"74";"14,9";;"0"
"=""702006 - AVENTAL DE COURO SIMPLES""";"=""Un""";"11,6666666666667";"11";"1";"35";"0";"34";"32";;"0"
"=""702008 - AVENTAL DE COURO C/ MANGAS""";"=""Un""";"25,6666666666667";"16";"1";"28";"0";"27";"72";;"0"
"=""702017 - LUVA DE VAQUETA C.CURTO""";"=""Un""";"75,3333333333333";"42";"1";"19";"0";"18";"13,7";;"0"
"=""702018 - LUVA CANO LONGO""";"=""Un""";"30";"0";"1";"75";"0";"74";"13";;"0"
"=""702019 - LUVA CANO LONGO ACOCHOADA""";"=""Un""";"36";"36";"1";"15";"0";"14";"58";;"0"
"=""702020 - LUVA CANO CURTO""";"=""Un""";"37,3333333333333";"11";"1";"52";"0";"51";"10";;"0"
"=""702025 - LUVA TRICOTADA DE ALGODÃO""";"=""Un""";"145";"131";"1";"192";"0";"191";"2,5";;"0"
"=""702028 - LUVA LATEX NITRILON""";"=""Un""";"28,6666666666667";"30";"1";"63";"0";"62";"7,5";;"0"
"=""702032 - LUVA PVC C/LONGO FORRADA""";"=""Un""";"40,3333333333333";"16";"1";"34";"0";"33";"23";;"0"
"=""702043 - MASC. C/ VIS. MOVEL-SOLDADOR""";"=""Un""";"13";"15";"1";"5";"8";"12";"48";;"0"
"=""702057 - RESP. DESC. PFF2""";"=""Un""";"234,666666666667";"281";"1";"194";"100";"293";"1,1";;"0"
"=""702058 - FILTRO P/POEIRA/NEVOA/GAS/VAPOR 2078""";"=""Un""";"32,6666666666667";"28";"1";"192";"0";"191";"33,65";;"0"
"=""702061 - CARTUCHO VAP ORG/GASES ACIDOS BR 6003 - 3M""";"=""Un""";"0,333333333333333";"0";"1";"36";"0";"35";"36,55";;"0"
"=""702063 - FILTRO P/ PARTICULAS 5N11 P 6000/7500""";"=""Un""";"11,3333333333333";"24";"1";"58";"0";"57";"9";;"0"
"=""702064 - TIRANTE FIXO P/ RESP. 6000 CÓD. 6281""";"=""Un""";"6";"18";"1";"0";"15";"14";"70,7";;"0"
"=""702067 - PROTETOR FACIAL 8"""" INCOLOR""";"=""Un""";"8";"4";"1";"8";"0";"7";"21,806";;"0"
"=""702068 - RESPIRADOR SEMI FACIAL 7500/7502 MED CA12011 3M""";"=""Un""";"5";"5";"1";"7";"0";"6";"266,34";;"0"
"=""702069 - TIRANTE FIXO P/ RESP. 7500 CÓD. 7581 3M""";"=""Un""";"0,333333333333333";"0";"1";"12";"0";"11";"90";;"0"
"=""702077 - OCULOS  P/ TORNEIRO LENTE VERDE""";"=""Un""";"2,33333333333333";"0";"1";"23";"0";"22";"4,5";;"0"
"=""702078 - OCULOS VISION 3000 INCOLOR""";"=""Un""";"20,6666666666667";"51";"1";"6";"0";"5";"6,5";;"0"
"=""702080 - PERNEIRA P/SOLDADOR""";"=""Un""";"19,3333333333333";"0";"1";"30";"0";"29";"25";;"0"
"=""702081 - CARNEIRA C/CATRACA P/MASCARA CC""";"=""Un""";"5,66666666666667";"0";"1";"17";"0";"16";"16";;"0"
"=""702088 - MÁSCARA CIRÚRGICA DESCARTÁVEL""";"=""Un""";"50";"50";"1";"115";"0";"114";"0,18";;"0"
"=""702092 - LENTE ESCURA N 10""";"=""Un""";"4,66666666666667";"11";"1";"97";"0";"96";"1,7";;"0"
"=""702093 - LENTE ESCURA N 12""";"=""Un""";"3,66666666666667";"11";"1";"328";"0";"327";"2";;"0"
"=""702098 - PLASTICO P/ PLASTIFICADORA A4 220 X 307 X 0,05 MM C/ 100 UN""";"=""Un""";"1";"1";"1";"7";"0";"6";"134,9";;"0"
"=""702109 - LENTE BRANCA RETANGULAR""";"=""Un""";"566,666666666667";"800";"1";"748";"300";"1047";"0,9";;"0"
"=""702110 - MANGOTE P/SOLDADOR""";"=""Un""";"0";"0";"1";"51";"0";"50";"25";;"0"
"=""702111 - MANGOTE DE TECIDO C/ ELASTICO NOS PUNHOS""";"=""Un""";"11,3333333333333";"3";"1";"8";"50";"57";"10,95";;"0"
"=""702122 - PROTETOR AURICULAR""";"=""Un""";"51,3333333333333";"67";"1";"93";"0";"92";"3,5";;"0"
"=""702124 - PROTETOR AURICULAR DESC ESPONJOSO""";"=""Un""";"134,666666666667";"2";"1";"174";"0";"173";"0,85";;"0"
"=""702134 - OCULOS SOBREPOR INCOLOR""";"=""Un""";"8";"0";"1";"1";"40";"40";"9,12";;"0"
"=""702146 - PROTETOR AURICULAR TIPO CONCHA""";"=""Un""";"2";"0";"1";"1";"30";"30";"38";;"0"
"=""702147 - KIT ALMOFADA E ESPUMA INTERNA P/ ABAFADOR MUPLER CÓD.350010230098""";"=""Un""";"0";"0";"1";"7";"0";"6";"24";;"0"
"=""703040 - TRINCHA - TIGRE 572 - 1""""""";"=""Un""";"0";"0";"1";"11";"0";"10";"3";;"0"
"=""703041 - TRINCHA - TIGRE 572 - 1.1/2""""""";"=""Un""";"0";"0";"1";"2";"0";"1";"4,5";;"0"
"=""703059 - TRINCHA - TIGRE 572 - 3""""""";"=""Un""";"0,666666666666667";"0";"1";"18";"0";"17";"9,2";;"0"
"=""703061 - TRAPO COSTURADO""";"=""KG""";"1375";"1400";"1";"325";"0";"324";"3,25";;"0"
"=""704010 - AÇÚCAR P/ COPA""";"=""KG""";"21,6666666666667";"28";"1";"27";"0";"26";"4,45";;"0"
"=""704011 - CAFÉ P/ COPA""";"=""Un""";"52,3333333333333";"50";"1";"88";"0";"87";"9,7";;"0"
"=""705884 - REMOVEDOR RCG S ETAPA 2""";"=""Un""";"0";"0";"1";"23";"0";"22";"41,5";;"0"
"=""708006 - CX GIZ BRANCO C/ 64 UNIDS""";"=""Un""";"4,33333333333333";"5";"1";"12";"0";"11";"3,75";;"0"
"=""708021 - PASTA SUSPENSA""";"=""Un""";"2,33333333333333";"5";"1";"23";"0";"22";"2,8";;"0"
"=""709041 - BLOCO NOTEFIX 38 X 50 C/ 100FLS C/ 4UNDS""";"=""Un""";"1,66666666666667";"1";"1";"1";"0";"0";"6,25";;"0"
"=""712001 - CX CLIPS No. 6/0 50 UNIDS""";"=""Un""";"0,666666666666667";"0";"1";"8";"0";"7";"4,75";;"0"
"=""712048 - CX GRAMPO 26/6 C/5000""";"=""Un""";"1,33333333333333";"2";"1";"2";"0";"1";"5,85";;"0"
"=""712073 - CX LIGA ELASTICA N° 18 C/ 55 UNIDS""";"=""Un""";"4,66666666666667";"1";"1";"5";"0";"4";"7,95";;"0"
"=""712085 - CAIXA P/ ARQUIVO MORTO""";"=""Un""";"6";"3";"1";"24";"0";"23";"1,9999";;"0"
"=""712115 - CX CLIPS No. 1/0 C/ 100 UNIDS""";"=""Un""";"0";"0";"1";"2";"0";"1";"3,5";;"0"
"=""712309 - CANETA MARCA TEXTO""";"=""Un""";"3,66666666666667";"6";"1";"67";"0";"66";"1,55";;"0"
"=""712322 - CANETA ESCRITA GROSSA""";"=""Un""";"22";"14";"1";"32";"0";"31";"0,85";;"0"
"=""712360 - CADERNO COMUM""";"=""Un""";"0,333333333333333";"1";"1";"3";"0";"2";"5,68";;"0"
"=""716030 - PAPEL OFICIO A-4 C/ 500 FOLHAS""";"=""Un""";"26,3333333333333";"27";"1";"16";"0";"15";"21,6";;"0"
"=""717012 - PAPEL HIGIÊNICO C/ 300M""";"=""Un""";"98,6666666666667";"120";"1";"192";"0";"191";"2,875";;"0"
"=""717017 - PAPEL TOALHA BRANCO C/2400 F.""";"=""Un""";"71,6666666666667";"32";"1";"4";"0";"3";"20";;"0"
"=""717022 - VASSOURA DE NYLON Nº 5""";"=""Un""";"6";"2";"1";"12";"0";"11";"6,55";;"0"
"=""717024 - POLIDOR DE ALUMINIO LIMPA FACIL 500ml""";"=""Un""";"0";"0";"1";"12";"0";"11";"1,8542";;"0"
"=""717034 - SABÃO EM PÓ""";"=""KG""";"1,66666666666667";"0";"1";"10";"0";"9";"4,3";;"0"
"=""717060 - VASSOURINHA DE PIACAVA""";"=""Un""";"3,66666666666667";"2";"1";"10";"0";"9";"3,95";;"0"
"=""717083 - VASSOURÃO GARY PIAÇAVA""";"=""Un""";"2";"1";"1";"2";"0";"1";"10,5";;"0"
"=""717095 - PINCEL ATOMICO""";"=""Un""";"6,33333333333333";"14";"1";"7";"0";"6";"3,5";;"0"
"=""717096 - PINCEL PILOTO QUADRO BRANCO""";"=""Un""";"10,6666666666667";"3";"1";"60";"0";"59";"8,3";;"0"
"=""717101 - COPO PLÁSTICO DE 200ML.""";"=""Un""";"13833,6666666667";"12601";"1";"14999";"0";"14998";"0,044";;"0"
"=""717113 - PAPEL HIGIENICO PERFUMADO""";"=""Un""";"217,333333333333";"128";"1";"124";"0";"123";"0,8469";;"0"
"=""760002 - ÁGUA SANITÁRIA""";"=""L""";"90";"100";"1";"50";"0";"49";"1,1";;"0"
"=""760006 - DESINFETANTE PERFUMADO""";"=""L""";"181,666666666667";"180";"1";"25";"0";"24";"4,99";;"0"
"=""760010 - DETERGENTE LÍQUIDO PERFUMADO""";"=""L""";"193,333333333333";"150";"1";"115";"0";"114";"2";;"0"
"=""801010 - OXIGENIO GASOSO""";"=""M3""";"762,333333333333";"920";"1";"165";"21";"185";"19,8903";;"0"
"=""801033 - GLP EM BUTIJÃO DE 45 KG.""";"=""Un""";"0";"0";"1";"2";"0";"1";"620,95";;"0"
"=""801083 - MISTURA STARGOLD FLEX""";"=""M3""";"11";"0";"1";"84";"0";"83";"19,8905";;"0"
"=""801084 - DIOXIDO DE CARBONO 2.2 NA (25KG)""";"=""KG""";"700";"750";"1";"675";"0";"674";"17";;"0"
"=""801100 - GLP EM BOTIJAO DE 13KG""";"=""Un""";"0";"0";"1";"0";"12";"11";"105";;"0"
"=""801112 - ARGONIO LIQUIDO""";"=""M3""";"1837,34666666667";"1690,65";"1";"718,17";"0";"717,17";"25,0091";;"0"
"=""801124 - GLP EM BUTIJÃO DE 20 KG.""";"=""Un""";"8,33333333333333";"8";"1";"6";"0";"5";"260,5";;"0"
"=""802050 - OLEO SOLUVEL""";"=""L""";"140";"400";"1";"400";"400";"799";"17,75";;"0"
"=""899999 - MANUTENÇÃO DE VEICULOS""";"=""Un""";"0";"0";"1";"0";"1";"0";"1687";;"0"
